,Commodity,Class,Util,Freqency,Value,Period,Group,Unit,Short Description,State,Year
0,BEANS,SNAP,ALL UTILIZATION PRACTICES,ANNUAL,"28,000",YEAR,VEGETABLES,ACRES,ACRES HARVESTED,NY,2017
1,BEANS,SNAP,ALL UTILIZATION PRACTICES,ANNUAL,"29,100",YEAR,VEGETABLES,ACRES,ACRES PLANTED,NY,2017
2,BEANS,SNAP,ALL UTILIZATION PRACTICES,ANNUAL,20.5,MARKETING YEAR,VEGETABLES,$ / CWT,"PRICE RECEIVED, MEASURED IN $ / CWT",NY,2017
3,BEANS,SNAP,ALL UTILIZATION PRACTICES,ANNUAL,"41,861,000",YEAR,VEGETABLES,$,"PRODUCTION, MEASURED IN $",NY,2017
4,BEANS,SNAP,ALL UTILIZATION PRACTICES,ANNUAL,"2,044,000",YEAR,VEGETABLES,CWT,"PRODUCTION, MEASURED IN CWT",NY,2017
5,BEANS,SNAP,ALL UTILIZATION PRACTICES,WEEKLY,0,WEEK #25,VEGETABLES,PCT HARVESTED,"PROGRESS, MEASURED IN PCT HARVESTED",NY,2017
6,BEANS,SNAP,ALL UTILIZATION PRACTICES,WEEKLY,0,WEEK #26,VEGETABLES,PCT HARVESTED,"PROGRESS, MEASURED IN PCT HARVESTED",NY,2017
7,BEANS,SNAP,ALL UTILIZATION PRACTICES,WEEKLY,0,WEEK #27,VEGETABLES,PCT HARVESTED,"PROGRESS, MEASURED IN PCT HARVESTED",NY,2017
8,BEANS,SNAP,ALL UTILIZATION PRACTICES,WEEKLY,0,WEEK #28,VEGETABLES,PCT HARVESTED,"PROGRESS, MEASURED IN PCT HARVESTED",NY,2017
9,BEANS,SNAP,ALL UTILIZATION PRACTICES,WEEKLY,1,WEEK #29,VEGETABLES,PCT HARVESTED,"PROGRESS, MEASURED IN PCT HARVESTED",NY,2017
10,BEANS,SNAP,ALL UTILIZATION PRACTICES,WEEKLY,3,WEEK #30,VEGETABLES,PCT HARVESTED,"PROGRESS, MEASURED IN PCT HARVESTED",NY,2017
11,BEANS,SNAP,ALL UTILIZATION PRACTICES,WEEKLY,12,WEEK #31,VEGETABLES,PCT HARVESTED,"PROGRESS, MEASURED IN PCT HARVESTED",NY,2017
12,BEANS,SNAP,ALL UTILIZATION PRACTICES,WEEKLY,20,WEEK #32,VEGETABLES,PCT HARVESTED,"PROGRESS, MEASURED IN PCT HARVESTED",NY,2017
13,BEANS,SNAP,ALL UTILIZATION PRACTICES,WEEKLY,22,WEEK #33,VEGETABLES,PCT HARVESTED,"PROGRESS, MEASURED IN PCT HARVESTED",NY,2017
14,BEANS,SNAP,ALL UTILIZATION PRACTICES,WEEKLY,29,WEEK #34,VEGETABLES,PCT HARVESTED,"PROGRESS, MEASURED IN PCT HARVESTED",NY,2017
15,BEANS,SNAP,ALL UTILIZATION PRACTICES,WEEKLY,38,WEEK #35,VEGETABLES,PCT HARVESTED,"PROGRESS, MEASURED IN PCT HARVESTED",NY,2017
16,BEANS,SNAP,ALL UTILIZATION PRACTICES,WEEKLY,55,WEEK #36,VEGETABLES,PCT HARVESTED,"PROGRESS, MEASURED IN PCT HARVESTED",NY,2017
17,BEANS,SNAP,ALL UTILIZATION PRACTICES,WEEKLY,71,WEEK #37,VEGETABLES,PCT HARVESTED,"PROGRESS, MEASURED IN PCT HARVESTED",NY,2017
18,BEANS,SNAP,ALL UTILIZATION PRACTICES,WEEKLY,77,WEEK #38,VEGETABLES,PCT HARVESTED,"PROGRESS, MEASURED IN PCT HARVESTED",NY,2017
19,BEANS,SNAP,ALL UTILIZATION PRACTICES,WEEKLY,82,WEEK #39,VEGETABLES,PCT HARVESTED,"PROGRESS, MEASURED IN PCT HARVESTED",NY,2017
20,BEANS,SNAP,ALL UTILIZATION PRACTICES,WEEKLY,94,WEEK #40,VEGETABLES,PCT HARVESTED,"PROGRESS, MEASURED IN PCT HARVESTED",NY,2017
21,BEANS,SNAP,ALL UTILIZATION PRACTICES,WEEKLY,96,WEEK #41,VEGETABLES,PCT HARVESTED,"PROGRESS, MEASURED IN PCT HARVESTED",NY,2017
22,BEANS,SNAP,ALL UTILIZATION PRACTICES,WEEKLY,100,WEEK #42,VEGETABLES,PCT HARVESTED,"PROGRESS, MEASURED IN PCT HARVESTED",NY,2017
23,BEANS,SNAP,ALL UTILIZATION PRACTICES,WEEKLY,100,WEEK #43,VEGETABLES,PCT HARVESTED,"PROGRESS, MEASURED IN PCT HARVESTED",NY,2017
24,BEANS,SNAP,ALL UTILIZATION PRACTICES,WEEKLY,0,WEEK #15,VEGETABLES,PCT PLANTED,"PROGRESS, MEASURED IN PCT PLANTED",NY,2017
25,BEANS,SNAP,ALL UTILIZATION PRACTICES,WEEKLY,2,WEEK #16,VEGETABLES,PCT PLANTED,"PROGRESS, MEASURED IN PCT PLANTED",NY,2017
26,BEANS,SNAP,ALL UTILIZATION PRACTICES,WEEKLY,3,WEEK #17,VEGETABLES,PCT PLANTED,"PROGRESS, MEASURED IN PCT PLANTED",NY,2017
27,BEANS,SNAP,ALL UTILIZATION PRACTICES,WEEKLY,3,WEEK #18,VEGETABLES,PCT PLANTED,"PROGRESS, MEASURED IN PCT PLANTED",NY,2017
28,BEANS,SNAP,ALL UTILIZATION PRACTICES,WEEKLY,3,WEEK #19,VEGETABLES,PCT PLANTED,"PROGRESS, MEASURED IN PCT PLANTED",NY,2017
29,BEANS,SNAP,ALL UTILIZATION PRACTICES,WEEKLY,3,WEEK #20,VEGETABLES,PCT PLANTED,"PROGRESS, MEASURED IN PCT PLANTED",NY,2017
30,BEANS,SNAP,ALL UTILIZATION PRACTICES,WEEKLY,3,WEEK #21,VEGETABLES,PCT PLANTED,"PROGRESS, MEASURED IN PCT PLANTED",NY,2017
31,BEANS,SNAP,ALL UTILIZATION PRACTICES,WEEKLY,8,WEEK #22,VEGETABLES,PCT PLANTED,"PROGRESS, MEASURED IN PCT PLANTED",NY,2017
32,BEANS,SNAP,ALL UTILIZATION PRACTICES,WEEKLY,14,WEEK #23,VEGETABLES,PCT PLANTED,"PROGRESS, MEASURED IN PCT PLANTED",NY,2017
33,BEANS,SNAP,ALL UTILIZATION PRACTICES,WEEKLY,33,WEEK #24,VEGETABLES,PCT PLANTED,"PROGRESS, MEASURED IN PCT PLANTED",NY,2017
34,BEANS,SNAP,ALL UTILIZATION PRACTICES,WEEKLY,34,WEEK #25,VEGETABLES,PCT PLANTED,"PROGRESS, MEASURED IN PCT PLANTED",NY,2017
35,BEANS,SNAP,ALL UTILIZATION PRACTICES,WEEKLY,57,WEEK #26,VEGETABLES,PCT PLANTED,"PROGRESS, MEASURED IN PCT PLANTED",NY,2017
36,BEANS,SNAP,ALL UTILIZATION PRACTICES,WEEKLY,64,WEEK #27,VEGETABLES,PCT PLANTED,"PROGRESS, MEASURED IN PCT PLANTED",NY,2017
37,BEANS,SNAP,ALL UTILIZATION PRACTICES,WEEKLY,79,WEEK #28,VEGETABLES,PCT PLANTED,"PROGRESS, MEASURED IN PCT PLANTED",NY,2017
38,BEANS,SNAP,ALL UTILIZATION PRACTICES,WEEKLY,80,WEEK #29,VEGETABLES,PCT PLANTED,"PROGRESS, MEASURED IN PCT PLANTED",NY,2017
39,BEANS,SNAP,ALL UTILIZATION PRACTICES,WEEKLY,84,WEEK #30,VEGETABLES,PCT PLANTED,"PROGRESS, MEASURED IN PCT PLANTED",NY,2017
40,BEANS,SNAP,ALL UTILIZATION PRACTICES,WEEKLY,1,WEEK #27,VEGETABLES,PCT HARVESTED,"PROGRESS, 5 YEAR AVG, MEASURED IN PCT HARVESTED",NY,2017
41,BEANS,SNAP,ALL UTILIZATION PRACTICES,WEEKLY,2,WEEK #28,VEGETABLES,PCT HARVESTED,"PROGRESS, 5 YEAR AVG, MEASURED IN PCT HARVESTED",NY,2017
42,BEANS,SNAP,ALL UTILIZATION PRACTICES,WEEKLY,5,WEEK #29,VEGETABLES,PCT HARVESTED,"PROGRESS, 5 YEAR AVG, MEASURED IN PCT HARVESTED",NY,2017
43,BEANS,SNAP,ALL UTILIZATION PRACTICES,WEEKLY,29,WEEK #32,VEGETABLES,PCT HARVESTED,"PROGRESS, 5 YEAR AVG, MEASURED IN PCT HARVESTED",NY,2017
44,BEANS,SNAP,ALL UTILIZATION PRACTICES,WEEKLY,42,WEEK #33,VEGETABLES,PCT HARVESTED,"PROGRESS, 5 YEAR AVG, MEASURED IN PCT HARVESTED",NY,2017
45,BEANS,SNAP,ALL UTILIZATION PRACTICES,WEEKLY,53,WEEK #34,VEGETABLES,PCT HARVESTED,"PROGRESS, 5 YEAR AVG, MEASURED IN PCT HARVESTED",NY,2017
46,BEANS,SNAP,ALL UTILIZATION PRACTICES,WEEKLY,64,WEEK #35,VEGETABLES,PCT HARVESTED,"PROGRESS, 5 YEAR AVG, MEASURED IN PCT HARVESTED",NY,2017
47,BEANS,SNAP,ALL UTILIZATION PRACTICES,WEEKLY,73,WEEK #36,VEGETABLES,PCT HARVESTED,"PROGRESS, 5 YEAR AVG, MEASURED IN PCT HARVESTED",NY,2017
48,BEANS,SNAP,ALL UTILIZATION PRACTICES,WEEKLY,79,WEEK #37,VEGETABLES,PCT HARVESTED,"PROGRESS, 5 YEAR AVG, MEASURED IN PCT HARVESTED",NY,2017
49,BEANS,SNAP,ALL UTILIZATION PRACTICES,WEEKLY,87,WEEK #38,VEGETABLES,PCT HARVESTED,"PROGRESS, 5 YEAR AVG, MEASURED IN PCT HARVESTED",NY,2017
50,BEANS,SNAP,ALL UTILIZATION PRACTICES,WEEKLY,90,WEEK #39,VEGETABLES,PCT HARVESTED,"PROGRESS, 5 YEAR AVG, MEASURED IN PCT HARVESTED",NY,2017
51,BEANS,SNAP,ALL UTILIZATION PRACTICES,WEEKLY,95,WEEK #40,VEGETABLES,PCT HARVESTED,"PROGRESS, 5 YEAR AVG, MEASURED IN PCT HARVESTED",NY,2017
52,BEANS,SNAP,ALL UTILIZATION PRACTICES,WEEKLY,1,WEEK #16,VEGETABLES,PCT PLANTED,"PROGRESS, 5 YEAR AVG, MEASURED IN PCT PLANTED",NY,2017
53,BEANS,SNAP,ALL UTILIZATION PRACTICES,WEEKLY,3,WEEK #17,VEGETABLES,PCT PLANTED,"PROGRESS, 5 YEAR AVG, MEASURED IN PCT PLANTED",NY,2017
54,BEANS,SNAP,ALL UTILIZATION PRACTICES,WEEKLY,5,WEEK #18,VEGETABLES,PCT PLANTED,"PROGRESS, 5 YEAR AVG, MEASURED IN PCT PLANTED",NY,2017
55,BEANS,SNAP,ALL UTILIZATION PRACTICES,WEEKLY,7,WEEK #19,VEGETABLES,PCT PLANTED,"PROGRESS, 5 YEAR AVG, MEASURED IN PCT PLANTED",NY,2017
56,BEANS,SNAP,ALL UTILIZATION PRACTICES,WEEKLY,12,WEEK #20,VEGETABLES,PCT PLANTED,"PROGRESS, 5 YEAR AVG, MEASURED IN PCT PLANTED",NY,2017
57,BEANS,SNAP,ALL UTILIZATION PRACTICES,WEEKLY,22,WEEK #21,VEGETABLES,PCT PLANTED,"PROGRESS, 5 YEAR AVG, MEASURED IN PCT PLANTED",NY,2017
58,BEANS,SNAP,ALL UTILIZATION PRACTICES,WEEKLY,34,WEEK #22,VEGETABLES,PCT PLANTED,"PROGRESS, 5 YEAR AVG, MEASURED IN PCT PLANTED",NY,2017
59,BEANS,SNAP,ALL UTILIZATION PRACTICES,WEEKLY,43,WEEK #23,VEGETABLES,PCT PLANTED,"PROGRESS, 5 YEAR AVG, MEASURED IN PCT PLANTED",NY,2017
60,BEANS,SNAP,ALL UTILIZATION PRACTICES,WEEKLY,52,WEEK #24,VEGETABLES,PCT PLANTED,"PROGRESS, 5 YEAR AVG, MEASURED IN PCT PLANTED",NY,2017
61,BEANS,SNAP,ALL UTILIZATION PRACTICES,WEEKLY,63,WEEK #25,VEGETABLES,PCT PLANTED,"PROGRESS, 5 YEAR AVG, MEASURED IN PCT PLANTED",NY,2017
62,BEANS,SNAP,ALL UTILIZATION PRACTICES,WEEKLY,72,WEEK #26,VEGETABLES,PCT PLANTED,"PROGRESS, 5 YEAR AVG, MEASURED IN PCT PLANTED",NY,2017
63,BEANS,SNAP,ALL UTILIZATION PRACTICES,WEEKLY,78,WEEK #27,VEGETABLES,PCT PLANTED,"PROGRESS, 5 YEAR AVG, MEASURED IN PCT PLANTED",NY,2017
64,BEANS,SNAP,ALL UTILIZATION PRACTICES,WEEKLY,83,WEEK #28,VEGETABLES,PCT PLANTED,"PROGRESS, 5 YEAR AVG, MEASURED IN PCT PLANTED",NY,2017
65,BEANS,SNAP,ALL UTILIZATION PRACTICES,WEEKLY,89,WEEK #29,VEGETABLES,PCT PLANTED,"PROGRESS, 5 YEAR AVG, MEASURED IN PCT PLANTED",NY,2017
66,BEANS,SNAP,ALL UTILIZATION PRACTICES,WEEKLY,96,WEEK #30,VEGETABLES,PCT PLANTED,"PROGRESS, 5 YEAR AVG, MEASURED IN PCT PLANTED",NY,2017
67,BEANS,SNAP,ALL UTILIZATION PRACTICES,WEEKLY,0,WEEK #25,VEGETABLES,PCT HARVESTED,"PROGRESS, PREVIOUS YEAR, MEASURED IN PCT HARVESTED",NY,2017
68,BEANS,SNAP,ALL UTILIZATION PRACTICES,WEEKLY,0,WEEK #26,VEGETABLES,PCT HARVESTED,"PROGRESS, PREVIOUS YEAR, MEASURED IN PCT HARVESTED",NY,2017
69,BEANS,SNAP,ALL UTILIZATION PRACTICES,WEEKLY,0,WEEK #27,VEGETABLES,PCT HARVESTED,"PROGRESS, PREVIOUS YEAR, MEASURED IN PCT HARVESTED",NY,2017
70,BEANS,SNAP,ALL UTILIZATION PRACTICES,WEEKLY,0,WEEK #28,VEGETABLES,PCT HARVESTED,"PROGRESS, PREVIOUS YEAR, MEASURED IN PCT HARVESTED",NY,2017
71,BEANS,SNAP,ALL UTILIZATION PRACTICES,WEEKLY,3,WEEK #29,VEGETABLES,PCT HARVESTED,"PROGRESS, PREVIOUS YEAR, MEASURED IN PCT HARVESTED",NY,2017
72,BEANS,SNAP,ALL UTILIZATION PRACTICES,WEEKLY,8,WEEK #30,VEGETABLES,PCT HARVESTED,"PROGRESS, PREVIOUS YEAR, MEASURED IN PCT HARVESTED",NY,2017
73,BEANS,SNAP,ALL UTILIZATION PRACTICES,WEEKLY,19,WEEK #31,VEGETABLES,PCT HARVESTED,"PROGRESS, PREVIOUS YEAR, MEASURED IN PCT HARVESTED",NY,2017
74,BEANS,SNAP,ALL UTILIZATION PRACTICES,WEEKLY,36,WEEK #32,VEGETABLES,PCT HARVESTED,"PROGRESS, PREVIOUS YEAR, MEASURED IN PCT HARVESTED",NY,2017
75,BEANS,SNAP,ALL UTILIZATION PRACTICES,WEEKLY,39,WEEK #33,VEGETABLES,PCT HARVESTED,"PROGRESS, PREVIOUS YEAR, MEASURED IN PCT HARVESTED",NY,2017
76,BEANS,SNAP,ALL UTILIZATION PRACTICES,WEEKLY,42,WEEK #34,VEGETABLES,PCT HARVESTED,"PROGRESS, PREVIOUS YEAR, MEASURED IN PCT HARVESTED",NY,2017
77,BEANS,SNAP,ALL UTILIZATION PRACTICES,WEEKLY,46,WEEK #35,VEGETABLES,PCT HARVESTED,"PROGRESS, PREVIOUS YEAR, MEASURED IN PCT HARVESTED",NY,2017
78,BEANS,SNAP,ALL UTILIZATION PRACTICES,WEEKLY,52,WEEK #36,VEGETABLES,PCT HARVESTED,"PROGRESS, PREVIOUS YEAR, MEASURED IN PCT HARVESTED",NY,2017
79,BEANS,SNAP,ALL UTILIZATION PRACTICES,WEEKLY,69,WEEK #37,VEGETABLES,PCT HARVESTED,"PROGRESS, PREVIOUS YEAR, MEASURED IN PCT HARVESTED",NY,2017
80,BEANS,SNAP,ALL UTILIZATION PRACTICES,WEEKLY,82,WEEK #38,VEGETABLES,PCT HARVESTED,"PROGRESS, PREVIOUS YEAR, MEASURED IN PCT HARVESTED",NY,2017
81,BEANS,SNAP,ALL UTILIZATION PRACTICES,WEEKLY,87,WEEK #39,VEGETABLES,PCT HARVESTED,"PROGRESS, PREVIOUS YEAR, MEASURED IN PCT HARVESTED",NY,2017
82,BEANS,SNAP,ALL UTILIZATION PRACTICES,WEEKLY,94,WEEK #40,VEGETABLES,PCT HARVESTED,"PROGRESS, PREVIOUS YEAR, MEASURED IN PCT HARVESTED",NY,2017
83,BEANS,SNAP,ALL UTILIZATION PRACTICES,WEEKLY,0,WEEK #16,VEGETABLES,PCT PLANTED,"PROGRESS, PREVIOUS YEAR, MEASURED IN PCT PLANTED",NY,2017
84,BEANS,SNAP,ALL UTILIZATION PRACTICES,WEEKLY,0,WEEK #17,VEGETABLES,PCT PLANTED,"PROGRESS, PREVIOUS YEAR, MEASURED IN PCT PLANTED",NY,2017
85,BEANS,SNAP,ALL UTILIZATION PRACTICES,WEEKLY,0,WEEK #18,VEGETABLES,PCT PLANTED,"PROGRESS, PREVIOUS YEAR, MEASURED IN PCT PLANTED",NY,2017
86,BEANS,SNAP,ALL UTILIZATION PRACTICES,WEEKLY,0,WEEK #19,VEGETABLES,PCT PLANTED,"PROGRESS, PREVIOUS YEAR, MEASURED IN PCT PLANTED",NY,2017
87,BEANS,SNAP,ALL UTILIZATION PRACTICES,WEEKLY,2,WEEK #20,VEGETABLES,PCT PLANTED,"PROGRESS, PREVIOUS YEAR, MEASURED IN PCT PLANTED",NY,2017
88,BEANS,SNAP,ALL UTILIZATION PRACTICES,WEEKLY,7,WEEK #21,VEGETABLES,PCT PLANTED,"PROGRESS, PREVIOUS YEAR, MEASURED IN PCT PLANTED",NY,2017
89,BEANS,SNAP,ALL UTILIZATION PRACTICES,WEEKLY,23,WEEK #22,VEGETABLES,PCT PLANTED,"PROGRESS, PREVIOUS YEAR, MEASURED IN PCT PLANTED",NY,2017
90,BEANS,SNAP,ALL UTILIZATION PRACTICES,WEEKLY,38,WEEK #23,VEGETABLES,PCT PLANTED,"PROGRESS, PREVIOUS YEAR, MEASURED IN PCT PLANTED",NY,2017
91,BEANS,SNAP,ALL UTILIZATION PRACTICES,WEEKLY,50,WEEK #24,VEGETABLES,PCT PLANTED,"PROGRESS, PREVIOUS YEAR, MEASURED IN PCT PLANTED",NY,2017
92,BEANS,SNAP,ALL UTILIZATION PRACTICES,WEEKLY,65,WEEK #25,VEGETABLES,PCT PLANTED,"PROGRESS, PREVIOUS YEAR, MEASURED IN PCT PLANTED",NY,2017
93,BEANS,SNAP,ALL UTILIZATION PRACTICES,WEEKLY,78,WEEK #26,VEGETABLES,PCT PLANTED,"PROGRESS, PREVIOUS YEAR, MEASURED IN PCT PLANTED",NY,2017
94,BEANS,SNAP,ALL UTILIZATION PRACTICES,WEEKLY,87,WEEK #27,VEGETABLES,PCT PLANTED,"PROGRESS, PREVIOUS YEAR, MEASURED IN PCT PLANTED",NY,2017
95,BEANS,SNAP,ALL UTILIZATION PRACTICES,WEEKLY,91,WEEK #28,VEGETABLES,PCT PLANTED,"PROGRESS, PREVIOUS YEAR, MEASURED IN PCT PLANTED",NY,2017
96,BEANS,SNAP,ALL UTILIZATION PRACTICES,WEEKLY,93,WEEK #29,VEGETABLES,PCT PLANTED,"PROGRESS, PREVIOUS YEAR, MEASURED IN PCT PLANTED",NY,2017
97,BEANS,SNAP,ALL UTILIZATION PRACTICES,WEEKLY,96,WEEK #30,VEGETABLES,PCT PLANTED,"PROGRESS, PREVIOUS YEAR, MEASURED IN PCT PLANTED",NY,2017
98,BEANS,SNAP,ALL UTILIZATION PRACTICES,ANNUAL,73,YEAR,VEGETABLES,CWT / ACRE,"YIELD, MEASURED IN CWT / ACRE",NY,2017
99,BEANS,SNAP,FRESH MARKET,ANNUAL,                 (D),MARKETING YEAR,VEGETABLES,$ / CWT,"PRICE RECEIVED, MEASURED IN $ / CWT",NY,2017
100,BEANS,SNAP,FRESH MARKET,ANNUAL,                 (D),YEAR,VEGETABLES,$,"PRODUCTION, MEASURED IN $",NY,2017
101,BEANS,SNAP,"FRESH MARKET, UTILIZED",ANNUAL,                 (D),YEAR,VEGETABLES,CWT,"PRODUCTION, MEASURED IN CWT",NY,2017
102,BEANS,SNAP,NOT SOLD,ANNUAL,"4,100",YEAR,VEGETABLES,CWT,"PRODUCTION, MEASURED IN CWT",NY,2017
103,BEANS,SNAP,PROCESSING,ANNUAL,                 (D),MARKETING YEAR,VEGETABLES,$ / TON,"PRICE RECEIVED, MEASURED IN $ / TON",NY,2017
104,BEANS,SNAP,PROCESSING,ANNUAL,                 (D),YEAR,VEGETABLES,$,"PRODUCTION, MEASURED IN $",NY,2017
105,BEANS,SNAP,"PROCESSING, UTILIZED",ANNUAL,                 (D),YEAR,VEGETABLES,TONS,"PRODUCTION, MEASURED IN TONS",NY,2017
106,BEANS,SNAP,UTILIZED,ANNUAL,"2,039,900",YEAR,VEGETABLES,CWT,"PRODUCTION, MEASURED IN CWT",NY,2017
107,CABBAGE,ALL CLASSES,ALL UTILIZATION PRACTICES,ANNUAL,"8,300",YEAR,VEGETABLES,ACRES,ACRES HARVESTED,NY,2017
108,CABBAGE,ALL CLASSES,ALL UTILIZATION PRACTICES,ANNUAL,"8,800",YEAR,VEGETABLES,ACRES,ACRES PLANTED,NY,2017
109,CABBAGE,ALL CLASSES,ALL UTILIZATION PRACTICES,ANNUAL,14.1,MARKETING YEAR,VEGETABLES,$ / CWT,"PRICE RECEIVED, MEASURED IN $ / CWT",NY,2017
110,CABBAGE,ALL CLASSES,ALL UTILIZATION PRACTICES,ANNUAL,"48,646,000",YEAR,VEGETABLES,$,"PRODUCTION, MEASURED IN $",NY,2017
111,CABBAGE,ALL CLASSES,ALL UTILIZATION PRACTICES,ANNUAL,"3,444,500",YEAR,VEGETABLES,CWT,"PRODUCTION, MEASURED IN CWT",NY,2017
112,CABBAGE,ALL CLASSES,ALL UTILIZATION PRACTICES,WEEKLY,0,WEEK #25,VEGETABLES,PCT HARVESTED,"PROGRESS, MEASURED IN PCT HARVESTED",NY,2017
113,CABBAGE,ALL CLASSES,ALL UTILIZATION PRACTICES,WEEKLY,2,WEEK #26,VEGETABLES,PCT HARVESTED,"PROGRESS, MEASURED IN PCT HARVESTED",NY,2017
114,CABBAGE,ALL CLASSES,ALL UTILIZATION PRACTICES,WEEKLY,5,WEEK #27,VEGETABLES,PCT HARVESTED,"PROGRESS, MEASURED IN PCT HARVESTED",NY,2017
115,CABBAGE,ALL CLASSES,ALL UTILIZATION PRACTICES,WEEKLY,11,WEEK #28,VEGETABLES,PCT HARVESTED,"PROGRESS, MEASURED IN PCT HARVESTED",NY,2017
116,CABBAGE,ALL CLASSES,ALL UTILIZATION PRACTICES,WEEKLY,14,WEEK #29,VEGETABLES,PCT HARVESTED,"PROGRESS, MEASURED IN PCT HARVESTED",NY,2017
117,CABBAGE,ALL CLASSES,ALL UTILIZATION PRACTICES,WEEKLY,16,WEEK #30,VEGETABLES,PCT HARVESTED,"PROGRESS, MEASURED IN PCT HARVESTED",NY,2017
118,CABBAGE,ALL CLASSES,ALL UTILIZATION PRACTICES,WEEKLY,24,WEEK #31,VEGETABLES,PCT HARVESTED,"PROGRESS, MEASURED IN PCT HARVESTED",NY,2017
119,CABBAGE,ALL CLASSES,ALL UTILIZATION PRACTICES,WEEKLY,27,WEEK #32,VEGETABLES,PCT HARVESTED,"PROGRESS, MEASURED IN PCT HARVESTED",NY,2017
120,CABBAGE,ALL CLASSES,ALL UTILIZATION PRACTICES,WEEKLY,39,WEEK #33,VEGETABLES,PCT HARVESTED,"PROGRESS, MEASURED IN PCT HARVESTED",NY,2017
121,CABBAGE,ALL CLASSES,ALL UTILIZATION PRACTICES,WEEKLY,43,WEEK #34,VEGETABLES,PCT HARVESTED,"PROGRESS, MEASURED IN PCT HARVESTED",NY,2017
122,CABBAGE,ALL CLASSES,ALL UTILIZATION PRACTICES,WEEKLY,53,WEEK #35,VEGETABLES,PCT HARVESTED,"PROGRESS, MEASURED IN PCT HARVESTED",NY,2017
123,CABBAGE,ALL CLASSES,ALL UTILIZATION PRACTICES,WEEKLY,62,WEEK #36,VEGETABLES,PCT HARVESTED,"PROGRESS, MEASURED IN PCT HARVESTED",NY,2017
124,CABBAGE,ALL CLASSES,ALL UTILIZATION PRACTICES,WEEKLY,74,WEEK #37,VEGETABLES,PCT HARVESTED,"PROGRESS, MEASURED IN PCT HARVESTED",NY,2017
125,CABBAGE,ALL CLASSES,ALL UTILIZATION PRACTICES,WEEKLY,85,WEEK #38,VEGETABLES,PCT HARVESTED,"PROGRESS, MEASURED IN PCT HARVESTED",NY,2017
126,CABBAGE,ALL CLASSES,ALL UTILIZATION PRACTICES,WEEKLY,90,WEEK #39,VEGETABLES,PCT HARVESTED,"PROGRESS, MEASURED IN PCT HARVESTED",NY,2017
127,CABBAGE,ALL CLASSES,ALL UTILIZATION PRACTICES,WEEKLY,95,WEEK #40,VEGETABLES,PCT HARVESTED,"PROGRESS, MEASURED IN PCT HARVESTED",NY,2017
128,CABBAGE,ALL CLASSES,ALL UTILIZATION PRACTICES,WEEKLY,96,WEEK #41,VEGETABLES,PCT HARVESTED,"PROGRESS, MEASURED IN PCT HARVESTED",NY,2017
129,CABBAGE,ALL CLASSES,ALL UTILIZATION PRACTICES,WEEKLY,99,WEEK #42,VEGETABLES,PCT HARVESTED,"PROGRESS, MEASURED IN PCT HARVESTED",NY,2017
130,CABBAGE,ALL CLASSES,ALL UTILIZATION PRACTICES,WEEKLY,100,WEEK #43,VEGETABLES,PCT HARVESTED,"PROGRESS, MEASURED IN PCT HARVESTED",NY,2017
131,CABBAGE,ALL CLASSES,ALL UTILIZATION PRACTICES,WEEKLY,0,WEEK #15,VEGETABLES,PCT PLANTED,"PROGRESS, MEASURED IN PCT PLANTED",NY,2017
132,CABBAGE,ALL CLASSES,ALL UTILIZATION PRACTICES,WEEKLY,0,WEEK #16,VEGETABLES,PCT PLANTED,"PROGRESS, MEASURED IN PCT PLANTED",NY,2017
133,CABBAGE,ALL CLASSES,ALL UTILIZATION PRACTICES,WEEKLY,0,WEEK #17,VEGETABLES,PCT PLANTED,"PROGRESS, MEASURED IN PCT PLANTED",NY,2017
134,CABBAGE,ALL CLASSES,ALL UTILIZATION PRACTICES,WEEKLY,4,WEEK #18,VEGETABLES,PCT PLANTED,"PROGRESS, MEASURED IN PCT PLANTED",NY,2017
135,CABBAGE,ALL CLASSES,ALL UTILIZATION PRACTICES,WEEKLY,4,WEEK #19,VEGETABLES,PCT PLANTED,"PROGRESS, MEASURED IN PCT PLANTED",NY,2017
136,CABBAGE,ALL CLASSES,ALL UTILIZATION PRACTICES,WEEKLY,5,WEEK #20,VEGETABLES,PCT PLANTED,"PROGRESS, MEASURED IN PCT PLANTED",NY,2017
137,CABBAGE,ALL CLASSES,ALL UTILIZATION PRACTICES,WEEKLY,10,WEEK #21,VEGETABLES,PCT PLANTED,"PROGRESS, MEASURED IN PCT PLANTED",NY,2017
138,CABBAGE,ALL CLASSES,ALL UTILIZATION PRACTICES,WEEKLY,16,WEEK #22,VEGETABLES,PCT PLANTED,"PROGRESS, MEASURED IN PCT PLANTED",NY,2017
139,CABBAGE,ALL CLASSES,ALL UTILIZATION PRACTICES,WEEKLY,36,WEEK #23,VEGETABLES,PCT PLANTED,"PROGRESS, MEASURED IN PCT PLANTED",NY,2017
140,CABBAGE,ALL CLASSES,ALL UTILIZATION PRACTICES,WEEKLY,65,WEEK #24,VEGETABLES,PCT PLANTED,"PROGRESS, MEASURED IN PCT PLANTED",NY,2017
141,CABBAGE,ALL CLASSES,ALL UTILIZATION PRACTICES,WEEKLY,73,WEEK #25,VEGETABLES,PCT PLANTED,"PROGRESS, MEASURED IN PCT PLANTED",NY,2017
142,CABBAGE,ALL CLASSES,ALL UTILIZATION PRACTICES,WEEKLY,86,WEEK #26,VEGETABLES,PCT PLANTED,"PROGRESS, MEASURED IN PCT PLANTED",NY,2017
143,CABBAGE,ALL CLASSES,ALL UTILIZATION PRACTICES,WEEKLY,91,WEEK #27,VEGETABLES,PCT PLANTED,"PROGRESS, MEASURED IN PCT PLANTED",NY,2017
144,CABBAGE,ALL CLASSES,ALL UTILIZATION PRACTICES,WEEKLY,96,WEEK #28,VEGETABLES,PCT PLANTED,"PROGRESS, MEASURED IN PCT PLANTED",NY,2017
145,CABBAGE,ALL CLASSES,ALL UTILIZATION PRACTICES,WEEKLY,97,WEEK #29,VEGETABLES,PCT PLANTED,"PROGRESS, MEASURED IN PCT PLANTED",NY,2017
146,CABBAGE,ALL CLASSES,ALL UTILIZATION PRACTICES,WEEKLY,0,WEEK #26,VEGETABLES,PCT HARVESTED,"PROGRESS, 5 YEAR AVG, MEASURED IN PCT HARVESTED",NY,2017
147,CABBAGE,ALL CLASSES,ALL UTILIZATION PRACTICES,WEEKLY,0,WEEK #27,VEGETABLES,PCT HARVESTED,"PROGRESS, 5 YEAR AVG, MEASURED IN PCT HARVESTED",NY,2017
148,CABBAGE,ALL CLASSES,ALL UTILIZATION PRACTICES,WEEKLY,2,WEEK #28,VEGETABLES,PCT HARVESTED,"PROGRESS, 5 YEAR AVG, MEASURED IN PCT HARVESTED",NY,2017
149,CABBAGE,ALL CLASSES,ALL UTILIZATION PRACTICES,WEEKLY,7,WEEK #29,VEGETABLES,PCT HARVESTED,"PROGRESS, 5 YEAR AVG, MEASURED IN PCT HARVESTED",NY,2017
150,CABBAGE,ALL CLASSES,ALL UTILIZATION PRACTICES,WEEKLY,13,WEEK #30,VEGETABLES,PCT HARVESTED,"PROGRESS, 5 YEAR AVG, MEASURED IN PCT HARVESTED",NY,2017
151,CABBAGE,ALL CLASSES,ALL UTILIZATION PRACTICES,WEEKLY,56,WEEK #35,VEGETABLES,PCT HARVESTED,"PROGRESS, 5 YEAR AVG, MEASURED IN PCT HARVESTED",NY,2017
152,CABBAGE,ALL CLASSES,ALL UTILIZATION PRACTICES,WEEKLY,68,WEEK #36,VEGETABLES,PCT HARVESTED,"PROGRESS, 5 YEAR AVG, MEASURED IN PCT HARVESTED",NY,2017
153,CABBAGE,ALL CLASSES,ALL UTILIZATION PRACTICES,WEEKLY,80,WEEK #37,VEGETABLES,PCT HARVESTED,"PROGRESS, 5 YEAR AVG, MEASURED IN PCT HARVESTED",NY,2017
154,CABBAGE,ALL CLASSES,ALL UTILIZATION PRACTICES,WEEKLY,85,WEEK #38,VEGETABLES,PCT HARVESTED,"PROGRESS, 5 YEAR AVG, MEASURED IN PCT HARVESTED",NY,2017
155,CABBAGE,ALL CLASSES,ALL UTILIZATION PRACTICES,WEEKLY,88,WEEK #39,VEGETABLES,PCT HARVESTED,"PROGRESS, 5 YEAR AVG, MEASURED IN PCT HARVESTED",NY,2017
156,CABBAGE,ALL CLASSES,ALL UTILIZATION PRACTICES,WEEKLY,92,WEEK #40,VEGETABLES,PCT HARVESTED,"PROGRESS, 5 YEAR AVG, MEASURED IN PCT HARVESTED",NY,2017
157,CABBAGE,ALL CLASSES,ALL UTILIZATION PRACTICES,WEEKLY,95,WEEK #41,VEGETABLES,PCT HARVESTED,"PROGRESS, 5 YEAR AVG, MEASURED IN PCT HARVESTED",NY,2017
158,CABBAGE,ALL CLASSES,ALL UTILIZATION PRACTICES,WEEKLY,98,WEEK #42,VEGETABLES,PCT HARVESTED,"PROGRESS, 5 YEAR AVG, MEASURED IN PCT HARVESTED",NY,2017
159,CABBAGE,ALL CLASSES,ALL UTILIZATION PRACTICES,WEEKLY,1,WEEK #16,VEGETABLES,PCT PLANTED,"PROGRESS, 5 YEAR AVG, MEASURED IN PCT PLANTED",NY,2017
160,CABBAGE,ALL CLASSES,ALL UTILIZATION PRACTICES,WEEKLY,1,WEEK #17,VEGETABLES,PCT PLANTED,"PROGRESS, 5 YEAR AVG, MEASURED IN PCT PLANTED",NY,2017
161,CABBAGE,ALL CLASSES,ALL UTILIZATION PRACTICES,WEEKLY,3,WEEK #18,VEGETABLES,PCT PLANTED,"PROGRESS, 5 YEAR AVG, MEASURED IN PCT PLANTED",NY,2017
162,CABBAGE,ALL CLASSES,ALL UTILIZATION PRACTICES,WEEKLY,9,WEEK #19,VEGETABLES,PCT PLANTED,"PROGRESS, 5 YEAR AVG, MEASURED IN PCT PLANTED",NY,2017
163,CABBAGE,ALL CLASSES,ALL UTILIZATION PRACTICES,WEEKLY,18,WEEK #20,VEGETABLES,PCT PLANTED,"PROGRESS, 5 YEAR AVG, MEASURED IN PCT PLANTED",NY,2017
164,CABBAGE,ALL CLASSES,ALL UTILIZATION PRACTICES,WEEKLY,29,WEEK #21,VEGETABLES,PCT PLANTED,"PROGRESS, 5 YEAR AVG, MEASURED IN PCT PLANTED",NY,2017
165,CABBAGE,ALL CLASSES,ALL UTILIZATION PRACTICES,WEEKLY,46,WEEK #22,VEGETABLES,PCT PLANTED,"PROGRESS, 5 YEAR AVG, MEASURED IN PCT PLANTED",NY,2017
166,CABBAGE,ALL CLASSES,ALL UTILIZATION PRACTICES,WEEKLY,59,WEEK #23,VEGETABLES,PCT PLANTED,"PROGRESS, 5 YEAR AVG, MEASURED IN PCT PLANTED",NY,2017
167,CABBAGE,ALL CLASSES,ALL UTILIZATION PRACTICES,WEEKLY,69,WEEK #24,VEGETABLES,PCT PLANTED,"PROGRESS, 5 YEAR AVG, MEASURED IN PCT PLANTED",NY,2017
168,CABBAGE,ALL CLASSES,ALL UTILIZATION PRACTICES,WEEKLY,80,WEEK #25,VEGETABLES,PCT PLANTED,"PROGRESS, 5 YEAR AVG, MEASURED IN PCT PLANTED",NY,2017
169,CABBAGE,ALL CLASSES,ALL UTILIZATION PRACTICES,WEEKLY,84,WEEK #26,VEGETABLES,PCT PLANTED,"PROGRESS, 5 YEAR AVG, MEASURED IN PCT PLANTED",NY,2017
170,CABBAGE,ALL CLASSES,ALL UTILIZATION PRACTICES,WEEKLY,91,WEEK #27,VEGETABLES,PCT PLANTED,"PROGRESS, 5 YEAR AVG, MEASURED IN PCT PLANTED",NY,2017
171,CABBAGE,ALL CLASSES,ALL UTILIZATION PRACTICES,WEEKLY,0,WEEK #26,VEGETABLES,PCT HARVESTED,"PROGRESS, PREVIOUS YEAR, MEASURED IN PCT HARVESTED",NY,2017
172,CABBAGE,ALL CLASSES,ALL UTILIZATION PRACTICES,WEEKLY,0,WEEK #27,VEGETABLES,PCT HARVESTED,"PROGRESS, PREVIOUS YEAR, MEASURED IN PCT HARVESTED",NY,2017
173,CABBAGE,ALL CLASSES,ALL UTILIZATION PRACTICES,WEEKLY,2,WEEK #28,VEGETABLES,PCT HARVESTED,"PROGRESS, PREVIOUS YEAR, MEASURED IN PCT HARVESTED",NY,2017
174,CABBAGE,ALL CLASSES,ALL UTILIZATION PRACTICES,WEEKLY,5,WEEK #29,VEGETABLES,PCT HARVESTED,"PROGRESS, PREVIOUS YEAR, MEASURED IN PCT HARVESTED",NY,2017
175,CABBAGE,ALL CLASSES,ALL UTILIZATION PRACTICES,WEEKLY,8,WEEK #30,VEGETABLES,PCT HARVESTED,"PROGRESS, PREVIOUS YEAR, MEASURED IN PCT HARVESTED",NY,2017
176,CABBAGE,ALL CLASSES,ALL UTILIZATION PRACTICES,WEEKLY,21,WEEK #31,VEGETABLES,PCT HARVESTED,"PROGRESS, PREVIOUS YEAR, MEASURED IN PCT HARVESTED",NY,2017
177,CABBAGE,ALL CLASSES,ALL UTILIZATION PRACTICES,WEEKLY,38,WEEK #32,VEGETABLES,PCT HARVESTED,"PROGRESS, PREVIOUS YEAR, MEASURED IN PCT HARVESTED",NY,2017
178,CABBAGE,ALL CLASSES,ALL UTILIZATION PRACTICES,WEEKLY,43,WEEK #33,VEGETABLES,PCT HARVESTED,"PROGRESS, PREVIOUS YEAR, MEASURED IN PCT HARVESTED",NY,2017
179,CABBAGE,ALL CLASSES,ALL UTILIZATION PRACTICES,WEEKLY,45,WEEK #34,VEGETABLES,PCT HARVESTED,"PROGRESS, PREVIOUS YEAR, MEASURED IN PCT HARVESTED",NY,2017
180,CABBAGE,ALL CLASSES,ALL UTILIZATION PRACTICES,WEEKLY,54,WEEK #35,VEGETABLES,PCT HARVESTED,"PROGRESS, PREVIOUS YEAR, MEASURED IN PCT HARVESTED",NY,2017
181,CABBAGE,ALL CLASSES,ALL UTILIZATION PRACTICES,WEEKLY,68,WEEK #36,VEGETABLES,PCT HARVESTED,"PROGRESS, PREVIOUS YEAR, MEASURED IN PCT HARVESTED",NY,2017
182,CABBAGE,ALL CLASSES,ALL UTILIZATION PRACTICES,WEEKLY,80,WEEK #37,VEGETABLES,PCT HARVESTED,"PROGRESS, PREVIOUS YEAR, MEASURED IN PCT HARVESTED",NY,2017
183,CABBAGE,ALL CLASSES,ALL UTILIZATION PRACTICES,WEEKLY,87,WEEK #38,VEGETABLES,PCT HARVESTED,"PROGRESS, PREVIOUS YEAR, MEASURED IN PCT HARVESTED",NY,2017
184,CABBAGE,ALL CLASSES,ALL UTILIZATION PRACTICES,WEEKLY,91,WEEK #39,VEGETABLES,PCT HARVESTED,"PROGRESS, PREVIOUS YEAR, MEASURED IN PCT HARVESTED",NY,2017
185,CABBAGE,ALL CLASSES,ALL UTILIZATION PRACTICES,WEEKLY,92,WEEK #40,VEGETABLES,PCT HARVESTED,"PROGRESS, PREVIOUS YEAR, MEASURED IN PCT HARVESTED",NY,2017
186,CABBAGE,ALL CLASSES,ALL UTILIZATION PRACTICES,WEEKLY,93,WEEK #41,VEGETABLES,PCT HARVESTED,"PROGRESS, PREVIOUS YEAR, MEASURED IN PCT HARVESTED",NY,2017
187,CABBAGE,ALL CLASSES,ALL UTILIZATION PRACTICES,WEEKLY,95,WEEK #42,VEGETABLES,PCT HARVESTED,"PROGRESS, PREVIOUS YEAR, MEASURED IN PCT HARVESTED",NY,2017
188,CABBAGE,ALL CLASSES,ALL UTILIZATION PRACTICES,WEEKLY,1,WEEK #16,VEGETABLES,PCT PLANTED,"PROGRESS, PREVIOUS YEAR, MEASURED IN PCT PLANTED",NY,2017
189,CABBAGE,ALL CLASSES,ALL UTILIZATION PRACTICES,WEEKLY,4,WEEK #17,VEGETABLES,PCT PLANTED,"PROGRESS, PREVIOUS YEAR, MEASURED IN PCT PLANTED",NY,2017
190,CABBAGE,ALL CLASSES,ALL UTILIZATION PRACTICES,WEEKLY,11,WEEK #18,VEGETABLES,PCT PLANTED,"PROGRESS, PREVIOUS YEAR, MEASURED IN PCT PLANTED",NY,2017
191,CABBAGE,ALL CLASSES,ALL UTILIZATION PRACTICES,WEEKLY,17,WEEK #19,VEGETABLES,PCT PLANTED,"PROGRESS, PREVIOUS YEAR, MEASURED IN PCT PLANTED",NY,2017
192,CABBAGE,ALL CLASSES,ALL UTILIZATION PRACTICES,WEEKLY,27,WEEK #20,VEGETABLES,PCT PLANTED,"PROGRESS, PREVIOUS YEAR, MEASURED IN PCT PLANTED",NY,2017
193,CABBAGE,ALL CLASSES,ALL UTILIZATION PRACTICES,WEEKLY,41,WEEK #21,VEGETABLES,PCT PLANTED,"PROGRESS, PREVIOUS YEAR, MEASURED IN PCT PLANTED",NY,2017
194,CABBAGE,ALL CLASSES,ALL UTILIZATION PRACTICES,WEEKLY,62,WEEK #22,VEGETABLES,PCT PLANTED,"PROGRESS, PREVIOUS YEAR, MEASURED IN PCT PLANTED",NY,2017
195,CABBAGE,ALL CLASSES,ALL UTILIZATION PRACTICES,WEEKLY,72,WEEK #23,VEGETABLES,PCT PLANTED,"PROGRESS, PREVIOUS YEAR, MEASURED IN PCT PLANTED",NY,2017
196,CABBAGE,ALL CLASSES,ALL UTILIZATION PRACTICES,WEEKLY,84,WEEK #24,VEGETABLES,PCT PLANTED,"PROGRESS, PREVIOUS YEAR, MEASURED IN PCT PLANTED",NY,2017
197,CABBAGE,ALL CLASSES,ALL UTILIZATION PRACTICES,WEEKLY,91,WEEK #25,VEGETABLES,PCT PLANTED,"PROGRESS, PREVIOUS YEAR, MEASURED IN PCT PLANTED",NY,2017
198,CABBAGE,ALL CLASSES,ALL UTILIZATION PRACTICES,WEEKLY,94,WEEK #26,VEGETABLES,PCT PLANTED,"PROGRESS, PREVIOUS YEAR, MEASURED IN PCT PLANTED",NY,2017
199,CABBAGE,ALL CLASSES,ALL UTILIZATION PRACTICES,WEEKLY,95,WEEK #27,VEGETABLES,PCT PLANTED,"PROGRESS, PREVIOUS YEAR, MEASURED IN PCT PLANTED",NY,2017
200,CABBAGE,ALL CLASSES,ALL UTILIZATION PRACTICES,ANNUAL,415,YEAR,VEGETABLES,CWT / ACRE,"YIELD, MEASURED IN CWT / ACRE",NY,2017
201,CABBAGE,ALL CLASSES,FRESH MARKET,ANNUAL,15,MARKETING YEAR,VEGETABLES,$ / CWT,"PRICE RECEIVED, MEASURED IN $ / CWT",NY,2017
202,CABBAGE,ALL CLASSES,FRESH MARKET,ANNUAL,"45,623,000",YEAR,VEGETABLES,$,"PRODUCTION, MEASURED IN $",NY,2017
203,CABBAGE,ALL CLASSES,"FRESH MARKET, UTILIZED",ANNUAL,"3,041,500",YEAR,VEGETABLES,CWT,"PRODUCTION, MEASURED IN CWT",NY,2017
204,CABBAGE,ALL CLASSES,NOT SOLD,ANNUAL,0,YEAR,VEGETABLES,CWT,"PRODUCTION, MEASURED IN CWT",NY,2017
205,CABBAGE,ALL CLASSES,PROCESSING,ANNUAL,150,MARKETING YEAR,VEGETABLES,$ / TON,"PRICE RECEIVED, MEASURED IN $ / TON",NY,2017
206,CABBAGE,ALL CLASSES,PROCESSING,ANNUAL,"3,023,000",YEAR,VEGETABLES,$,"PRODUCTION, MEASURED IN $",NY,2017
207,CABBAGE,ALL CLASSES,"PROCESSING, UTILIZED",ANNUAL,"20,150",YEAR,VEGETABLES,TONS,"PRODUCTION, MEASURED IN TONS",NY,2017
208,CABBAGE,ALL CLASSES,UTILIZED,ANNUAL,"3,444,500",YEAR,VEGETABLES,CWT,"PRODUCTION, MEASURED IN CWT",NY,2017
209,ONIONS,DRY,ALL UTILIZATION PRACTICES,ANNUAL,"7,500",YEAR,VEGETABLES,ACRES,ACRES HARVESTED,NY,2017
210,ONIONS,DRY,ALL UTILIZATION PRACTICES,ANNUAL,"7,000",YEAR - AUG FORECAST,VEGETABLES,ACRES,ACRES HARVESTED,NY,2017
211,ONIONS,DRY,ALL UTILIZATION PRACTICES,ANNUAL,"7,600",YEAR,VEGETABLES,ACRES,ACRES PLANTED,NY,2017
212,ONIONS,DRY,ALL UTILIZATION PRACTICES,ANNUAL,19.3,MARKETING YEAR,VEGETABLES,$ / CWT,"PRICE RECEIVED, MEASURED IN $ / CWT",NY,2017
213,ONIONS,DRY,ALL UTILIZATION PRACTICES,ANNUAL,"55,089,000",YEAR,VEGETABLES,$,"PRODUCTION, MEASURED IN $",NY,2017
214,ONIONS,DRY,ALL UTILIZATION PRACTICES,ANNUAL,"45,697,000",YEAR - AUG FORECAST,VEGETABLES,$,"PRODUCTION, MEASURED IN $",NY,2017
215,ONIONS,DRY,ALL UTILIZATION PRACTICES,ANNUAL,"3,300,000",YEAR,VEGETABLES,CWT,"PRODUCTION, MEASURED IN CWT",NY,2017
216,ONIONS,DRY,ALL UTILIZATION PRACTICES,ANNUAL,"2,800,000",YEAR - AUG FORECAST,VEGETABLES,CWT,"PRODUCTION, MEASURED IN CWT",NY,2017
217,ONIONS,DRY,ALL UTILIZATION PRACTICES,WEEKLY,2,WEEK #28,VEGETABLES,PCT HARVESTED,"PROGRESS, MEASURED IN PCT HARVESTED",NY,2017
218,ONIONS,DRY,ALL UTILIZATION PRACTICES,WEEKLY,7,WEEK #29,VEGETABLES,PCT HARVESTED,"PROGRESS, MEASURED IN PCT HARVESTED",NY,2017
219,ONIONS,DRY,ALL UTILIZATION PRACTICES,WEEKLY,12,WEEK #30,VEGETABLES,PCT HARVESTED,"PROGRESS, MEASURED IN PCT HARVESTED",NY,2017
220,ONIONS,DRY,ALL UTILIZATION PRACTICES,WEEKLY,18,WEEK #31,VEGETABLES,PCT HARVESTED,"PROGRESS, MEASURED IN PCT HARVESTED",NY,2017
221,ONIONS,DRY,ALL UTILIZATION PRACTICES,WEEKLY,36,WEEK #32,VEGETABLES,PCT HARVESTED,"PROGRESS, MEASURED IN PCT HARVESTED",NY,2017
222,ONIONS,DRY,ALL UTILIZATION PRACTICES,WEEKLY,38,WEEK #33,VEGETABLES,PCT HARVESTED,"PROGRESS, MEASURED IN PCT HARVESTED",NY,2017
223,ONIONS,DRY,ALL UTILIZATION PRACTICES,WEEKLY,40,WEEK #34,VEGETABLES,PCT HARVESTED,"PROGRESS, MEASURED IN PCT HARVESTED",NY,2017
224,ONIONS,DRY,ALL UTILIZATION PRACTICES,WEEKLY,47,WEEK #35,VEGETABLES,PCT HARVESTED,"PROGRESS, MEASURED IN PCT HARVESTED",NY,2017
225,ONIONS,DRY,ALL UTILIZATION PRACTICES,WEEKLY,55,WEEK #36,VEGETABLES,PCT HARVESTED,"PROGRESS, MEASURED IN PCT HARVESTED",NY,2017
226,ONIONS,DRY,ALL UTILIZATION PRACTICES,WEEKLY,60,WEEK #37,VEGETABLES,PCT HARVESTED,"PROGRESS, MEASURED IN PCT HARVESTED",NY,2017
227,ONIONS,DRY,ALL UTILIZATION PRACTICES,WEEKLY,76,WEEK #38,VEGETABLES,PCT HARVESTED,"PROGRESS, MEASURED IN PCT HARVESTED",NY,2017
228,ONIONS,DRY,ALL UTILIZATION PRACTICES,WEEKLY,88,WEEK #39,VEGETABLES,PCT HARVESTED,"PROGRESS, MEASURED IN PCT HARVESTED",NY,2017
229,ONIONS,DRY,ALL UTILIZATION PRACTICES,WEEKLY,92,WEEK #40,VEGETABLES,PCT HARVESTED,"PROGRESS, MEASURED IN PCT HARVESTED",NY,2017
230,ONIONS,DRY,ALL UTILIZATION PRACTICES,WEEKLY,96,WEEK #41,VEGETABLES,PCT HARVESTED,"PROGRESS, MEASURED IN PCT HARVESTED",NY,2017
231,ONIONS,DRY,ALL UTILIZATION PRACTICES,WEEKLY,99,WEEK #42,VEGETABLES,PCT HARVESTED,"PROGRESS, MEASURED IN PCT HARVESTED",NY,2017
232,ONIONS,DRY,ALL UTILIZATION PRACTICES,WEEKLY,100,WEEK #43,VEGETABLES,PCT HARVESTED,"PROGRESS, MEASURED IN PCT HARVESTED",NY,2017
233,ONIONS,DRY,ALL UTILIZATION PRACTICES,WEEKLY,0,WEEK #14,VEGETABLES,PCT PLANTED,"PROGRESS, MEASURED IN PCT PLANTED",NY,2017
234,ONIONS,DRY,ALL UTILIZATION PRACTICES,WEEKLY,0,WEEK #15,VEGETABLES,PCT PLANTED,"PROGRESS, MEASURED IN PCT PLANTED",NY,2017
235,ONIONS,DRY,ALL UTILIZATION PRACTICES,WEEKLY,4,WEEK #16,VEGETABLES,PCT PLANTED,"PROGRESS, MEASURED IN PCT PLANTED",NY,2017
236,ONIONS,DRY,ALL UTILIZATION PRACTICES,WEEKLY,12,WEEK #17,VEGETABLES,PCT PLANTED,"PROGRESS, MEASURED IN PCT PLANTED",NY,2017
237,ONIONS,DRY,ALL UTILIZATION PRACTICES,WEEKLY,21,WEEK #18,VEGETABLES,PCT PLANTED,"PROGRESS, MEASURED IN PCT PLANTED",NY,2017
238,ONIONS,DRY,ALL UTILIZATION PRACTICES,WEEKLY,37,WEEK #19,VEGETABLES,PCT PLANTED,"PROGRESS, MEASURED IN PCT PLANTED",NY,2017
239,ONIONS,DRY,ALL UTILIZATION PRACTICES,WEEKLY,60,WEEK #20,VEGETABLES,PCT PLANTED,"PROGRESS, MEASURED IN PCT PLANTED",NY,2017
240,ONIONS,DRY,ALL UTILIZATION PRACTICES,WEEKLY,69,WEEK #21,VEGETABLES,PCT PLANTED,"PROGRESS, MEASURED IN PCT PLANTED",NY,2017
241,ONIONS,DRY,ALL UTILIZATION PRACTICES,WEEKLY,90,WEEK #22,VEGETABLES,PCT PLANTED,"PROGRESS, MEASURED IN PCT PLANTED",NY,2017
242,ONIONS,DRY,ALL UTILIZATION PRACTICES,WEEKLY,98,WEEK #23,VEGETABLES,PCT PLANTED,"PROGRESS, MEASURED IN PCT PLANTED",NY,2017
243,ONIONS,DRY,ALL UTILIZATION PRACTICES,WEEKLY,100,WEEK #24,VEGETABLES,PCT PLANTED,"PROGRESS, MEASURED IN PCT PLANTED",NY,2017
244,ONIONS,DRY,ALL UTILIZATION PRACTICES,WEEKLY,100,WEEK #25,VEGETABLES,PCT PLANTED,"PROGRESS, MEASURED IN PCT PLANTED",NY,2017
245,ONIONS,DRY,ALL UTILIZATION PRACTICES,WEEKLY,100,WEEK #26,VEGETABLES,PCT PLANTED,"PROGRESS, MEASURED IN PCT PLANTED",NY,2017
246,ONIONS,DRY,ALL UTILIZATION PRACTICES,WEEKLY,100,WEEK #27,VEGETABLES,PCT PLANTED,"PROGRESS, MEASURED IN PCT PLANTED",NY,2017
247,ONIONS,DRY,ALL UTILIZATION PRACTICES,WEEKLY,3,WEEK #29,VEGETABLES,PCT HARVESTED,"PROGRESS, 5 YEAR AVG, MEASURED IN PCT HARVESTED",NY,2017
248,ONIONS,DRY,ALL UTILIZATION PRACTICES,WEEKLY,9,WEEK #30,VEGETABLES,PCT HARVESTED,"PROGRESS, 5 YEAR AVG, MEASURED IN PCT HARVESTED",NY,2017
249,ONIONS,DRY,ALL UTILIZATION PRACTICES,WEEKLY,16,WEEK #31,VEGETABLES,PCT HARVESTED,"PROGRESS, 5 YEAR AVG, MEASURED IN PCT HARVESTED",NY,2017
250,ONIONS,DRY,ALL UTILIZATION PRACTICES,WEEKLY,25,WEEK #32,VEGETABLES,PCT HARVESTED,"PROGRESS, 5 YEAR AVG, MEASURED IN PCT HARVESTED",NY,2017
251,ONIONS,DRY,ALL UTILIZATION PRACTICES,WEEKLY,32,WEEK #33,VEGETABLES,PCT HARVESTED,"PROGRESS, 5 YEAR AVG, MEASURED IN PCT HARVESTED",NY,2017
252,ONIONS,DRY,ALL UTILIZATION PRACTICES,WEEKLY,40,WEEK #34,VEGETABLES,PCT HARVESTED,"PROGRESS, 5 YEAR AVG, MEASURED IN PCT HARVESTED",NY,2017
253,ONIONS,DRY,ALL UTILIZATION PRACTICES,WEEKLY,46,WEEK #35,VEGETABLES,PCT HARVESTED,"PROGRESS, 5 YEAR AVG, MEASURED IN PCT HARVESTED",NY,2017
254,ONIONS,DRY,ALL UTILIZATION PRACTICES,WEEKLY,56,WEEK #36,VEGETABLES,PCT HARVESTED,"PROGRESS, 5 YEAR AVG, MEASURED IN PCT HARVESTED",NY,2017
255,ONIONS,DRY,ALL UTILIZATION PRACTICES,WEEKLY,68,WEEK #37,VEGETABLES,PCT HARVESTED,"PROGRESS, 5 YEAR AVG, MEASURED IN PCT HARVESTED",NY,2017
256,ONIONS,DRY,ALL UTILIZATION PRACTICES,WEEKLY,74,WEEK #38,VEGETABLES,PCT HARVESTED,"PROGRESS, 5 YEAR AVG, MEASURED IN PCT HARVESTED",NY,2017
257,ONIONS,DRY,ALL UTILIZATION PRACTICES,WEEKLY,79,WEEK #39,VEGETABLES,PCT HARVESTED,"PROGRESS, 5 YEAR AVG, MEASURED IN PCT HARVESTED",NY,2017
258,ONIONS,DRY,ALL UTILIZATION PRACTICES,WEEKLY,84,WEEK #40,VEGETABLES,PCT HARVESTED,"PROGRESS, 5 YEAR AVG, MEASURED IN PCT HARVESTED",NY,2017
259,ONIONS,DRY,ALL UTILIZATION PRACTICES,WEEKLY,91,WEEK #41,VEGETABLES,PCT HARVESTED,"PROGRESS, 5 YEAR AVG, MEASURED IN PCT HARVESTED",NY,2017
260,ONIONS,DRY,ALL UTILIZATION PRACTICES,WEEKLY,96,WEEK #42,VEGETABLES,PCT HARVESTED,"PROGRESS, 5 YEAR AVG, MEASURED IN PCT HARVESTED",NY,2017
261,ONIONS,DRY,ALL UTILIZATION PRACTICES,WEEKLY,99,WEEK #43,VEGETABLES,PCT HARVESTED,"PROGRESS, 5 YEAR AVG, MEASURED IN PCT HARVESTED",NY,2017
262,ONIONS,DRY,ALL UTILIZATION PRACTICES,WEEKLY,1,WEEK #14,VEGETABLES,PCT PLANTED,"PROGRESS, 5 YEAR AVG, MEASURED IN PCT PLANTED",NY,2017
263,ONIONS,DRY,ALL UTILIZATION PRACTICES,WEEKLY,3,WEEK #15,VEGETABLES,PCT PLANTED,"PROGRESS, 5 YEAR AVG, MEASURED IN PCT PLANTED",NY,2017
264,ONIONS,DRY,ALL UTILIZATION PRACTICES,WEEKLY,6,WEEK #16,VEGETABLES,PCT PLANTED,"PROGRESS, 5 YEAR AVG, MEASURED IN PCT PLANTED",NY,2017
265,ONIONS,DRY,ALL UTILIZATION PRACTICES,WEEKLY,16,WEEK #17,VEGETABLES,PCT PLANTED,"PROGRESS, 5 YEAR AVG, MEASURED IN PCT PLANTED",NY,2017
266,ONIONS,DRY,ALL UTILIZATION PRACTICES,WEEKLY,47,WEEK #18,VEGETABLES,PCT PLANTED,"PROGRESS, 5 YEAR AVG, MEASURED IN PCT PLANTED",NY,2017
267,ONIONS,DRY,ALL UTILIZATION PRACTICES,WEEKLY,70,WEEK #19,VEGETABLES,PCT PLANTED,"PROGRESS, 5 YEAR AVG, MEASURED IN PCT PLANTED",NY,2017
268,ONIONS,DRY,ALL UTILIZATION PRACTICES,WEEKLY,80,WEEK #20,VEGETABLES,PCT PLANTED,"PROGRESS, 5 YEAR AVG, MEASURED IN PCT PLANTED",NY,2017
269,ONIONS,DRY,ALL UTILIZATION PRACTICES,WEEKLY,88,WEEK #21,VEGETABLES,PCT PLANTED,"PROGRESS, 5 YEAR AVG, MEASURED IN PCT PLANTED",NY,2017
270,ONIONS,DRY,ALL UTILIZATION PRACTICES,WEEKLY,91,WEEK #22,VEGETABLES,PCT PLANTED,"PROGRESS, 5 YEAR AVG, MEASURED IN PCT PLANTED",NY,2017
271,ONIONS,DRY,ALL UTILIZATION PRACTICES,WEEKLY,93,WEEK #23,VEGETABLES,PCT PLANTED,"PROGRESS, 5 YEAR AVG, MEASURED IN PCT PLANTED",NY,2017
272,ONIONS,DRY,ALL UTILIZATION PRACTICES,WEEKLY,94,WEEK #24,VEGETABLES,PCT PLANTED,"PROGRESS, 5 YEAR AVG, MEASURED IN PCT PLANTED",NY,2017
273,ONIONS,DRY,ALL UTILIZATION PRACTICES,WEEKLY,95,WEEK #25,VEGETABLES,PCT PLANTED,"PROGRESS, 5 YEAR AVG, MEASURED IN PCT PLANTED",NY,2017
274,ONIONS,DRY,ALL UTILIZATION PRACTICES,WEEKLY,95,WEEK #26,VEGETABLES,PCT PLANTED,"PROGRESS, 5 YEAR AVG, MEASURED IN PCT PLANTED",NY,2017
275,ONIONS,DRY,ALL UTILIZATION PRACTICES,WEEKLY,5,WEEK #29,VEGETABLES,PCT HARVESTED,"PROGRESS, PREVIOUS YEAR, MEASURED IN PCT HARVESTED",NY,2017
276,ONIONS,DRY,ALL UTILIZATION PRACTICES,WEEKLY,10,WEEK #30,VEGETABLES,PCT HARVESTED,"PROGRESS, PREVIOUS YEAR, MEASURED IN PCT HARVESTED",NY,2017
277,ONIONS,DRY,ALL UTILIZATION PRACTICES,WEEKLY,24,WEEK #31,VEGETABLES,PCT HARVESTED,"PROGRESS, PREVIOUS YEAR, MEASURED IN PCT HARVESTED",NY,2017
278,ONIONS,DRY,ALL UTILIZATION PRACTICES,WEEKLY,36,WEEK #32,VEGETABLES,PCT HARVESTED,"PROGRESS, PREVIOUS YEAR, MEASURED IN PCT HARVESTED",NY,2017
279,ONIONS,DRY,ALL UTILIZATION PRACTICES,WEEKLY,49,WEEK #33,VEGETABLES,PCT HARVESTED,"PROGRESS, PREVIOUS YEAR, MEASURED IN PCT HARVESTED",NY,2017
280,ONIONS,DRY,ALL UTILIZATION PRACTICES,WEEKLY,60,WEEK #34,VEGETABLES,PCT HARVESTED,"PROGRESS, PREVIOUS YEAR, MEASURED IN PCT HARVESTED",NY,2017
281,ONIONS,DRY,ALL UTILIZATION PRACTICES,WEEKLY,62,WEEK #35,VEGETABLES,PCT HARVESTED,"PROGRESS, PREVIOUS YEAR, MEASURED IN PCT HARVESTED",NY,2017
282,ONIONS,DRY,ALL UTILIZATION PRACTICES,WEEKLY,67,WEEK #36,VEGETABLES,PCT HARVESTED,"PROGRESS, PREVIOUS YEAR, MEASURED IN PCT HARVESTED",NY,2017
283,ONIONS,DRY,ALL UTILIZATION PRACTICES,WEEKLY,70,WEEK #37,VEGETABLES,PCT HARVESTED,"PROGRESS, PREVIOUS YEAR, MEASURED IN PCT HARVESTED",NY,2017
284,ONIONS,DRY,ALL UTILIZATION PRACTICES,WEEKLY,74,WEEK #38,VEGETABLES,PCT HARVESTED,"PROGRESS, PREVIOUS YEAR, MEASURED IN PCT HARVESTED",NY,2017
285,ONIONS,DRY,ALL UTILIZATION PRACTICES,WEEKLY,83,WEEK #39,VEGETABLES,PCT HARVESTED,"PROGRESS, PREVIOUS YEAR, MEASURED IN PCT HARVESTED",NY,2017
286,ONIONS,DRY,ALL UTILIZATION PRACTICES,WEEKLY,86,WEEK #40,VEGETABLES,PCT HARVESTED,"PROGRESS, PREVIOUS YEAR, MEASURED IN PCT HARVESTED",NY,2017
287,ONIONS,DRY,ALL UTILIZATION PRACTICES,WEEKLY,87,WEEK #41,VEGETABLES,PCT HARVESTED,"PROGRESS, PREVIOUS YEAR, MEASURED IN PCT HARVESTED",NY,2017
288,ONIONS,DRY,ALL UTILIZATION PRACTICES,WEEKLY,93,WEEK #42,VEGETABLES,PCT HARVESTED,"PROGRESS, PREVIOUS YEAR, MEASURED IN PCT HARVESTED",NY,2017
289,ONIONS,DRY,ALL UTILIZATION PRACTICES,WEEKLY,99,WEEK #43,VEGETABLES,PCT HARVESTED,"PROGRESS, PREVIOUS YEAR, MEASURED IN PCT HARVESTED",NY,2017
290,ONIONS,DRY,ALL UTILIZATION PRACTICES,WEEKLY,3,WEEK #14,VEGETABLES,PCT PLANTED,"PROGRESS, PREVIOUS YEAR, MEASURED IN PCT PLANTED",NY,2017
291,ONIONS,DRY,ALL UTILIZATION PRACTICES,WEEKLY,13,WEEK #15,VEGETABLES,PCT PLANTED,"PROGRESS, PREVIOUS YEAR, MEASURED IN PCT PLANTED",NY,2017
292,ONIONS,DRY,ALL UTILIZATION PRACTICES,WEEKLY,21,WEEK #16,VEGETABLES,PCT PLANTED,"PROGRESS, PREVIOUS YEAR, MEASURED IN PCT PLANTED",NY,2017
293,ONIONS,DRY,ALL UTILIZATION PRACTICES,WEEKLY,43,WEEK #17,VEGETABLES,PCT PLANTED,"PROGRESS, PREVIOUS YEAR, MEASURED IN PCT PLANTED",NY,2017
294,ONIONS,DRY,ALL UTILIZATION PRACTICES,WEEKLY,75,WEEK #18,VEGETABLES,PCT PLANTED,"PROGRESS, PREVIOUS YEAR, MEASURED IN PCT PLANTED",NY,2017
295,ONIONS,DRY,ALL UTILIZATION PRACTICES,WEEKLY,86,WEEK #19,VEGETABLES,PCT PLANTED,"PROGRESS, PREVIOUS YEAR, MEASURED IN PCT PLANTED",NY,2017
296,ONIONS,DRY,ALL UTILIZATION PRACTICES,WEEKLY,88,WEEK #20,VEGETABLES,PCT PLANTED,"PROGRESS, PREVIOUS YEAR, MEASURED IN PCT PLANTED",NY,2017
297,ONIONS,DRY,ALL UTILIZATION PRACTICES,WEEKLY,96,WEEK #21,VEGETABLES,PCT PLANTED,"PROGRESS, PREVIOUS YEAR, MEASURED IN PCT PLANTED",NY,2017
298,ONIONS,DRY,ALL UTILIZATION PRACTICES,WEEKLY,98,WEEK #22,VEGETABLES,PCT PLANTED,"PROGRESS, PREVIOUS YEAR, MEASURED IN PCT PLANTED",NY,2017
299,ONIONS,DRY,ALL UTILIZATION PRACTICES,WEEKLY,99,WEEK #23,VEGETABLES,PCT PLANTED,"PROGRESS, PREVIOUS YEAR, MEASURED IN PCT PLANTED",NY,2017
300,ONIONS,DRY,ALL UTILIZATION PRACTICES,WEEKLY,100,WEEK #24,VEGETABLES,PCT PLANTED,"PROGRESS, PREVIOUS YEAR, MEASURED IN PCT PLANTED",NY,2017
301,ONIONS,DRY,ALL UTILIZATION PRACTICES,WEEKLY,100,WEEK #25,VEGETABLES,PCT PLANTED,"PROGRESS, PREVIOUS YEAR, MEASURED IN PCT PLANTED",NY,2017
302,ONIONS,DRY,ALL UTILIZATION PRACTICES,WEEKLY,100,WEEK #26,VEGETABLES,PCT PLANTED,"PROGRESS, PREVIOUS YEAR, MEASURED IN PCT PLANTED",NY,2017
303,ONIONS,DRY,ALL UTILIZATION PRACTICES,ANNUAL,440,YEAR,VEGETABLES,CWT / ACRE,"YIELD, MEASURED IN CWT / ACRE",NY,2017
304,ONIONS,DRY,ALL UTILIZATION PRACTICES,ANNUAL,400,YEAR - AUG FORECAST,VEGETABLES,CWT / ACRE,"YIELD, MEASURED IN CWT / ACRE",NY,2017
305,ONIONS,DRY,FRESH MARKET,ANNUAL,19.5,MARKETING YEAR,VEGETABLES,$ / CWT,"PRICE RECEIVED, MEASURED IN $ / CWT",NY,2017
306,ONIONS,DRY,FRESH MARKET,ANNUAL,"53,604,000",YEAR,VEGETABLES,$,"PRODUCTION, MEASURED IN $",NY,2017
307,ONIONS,DRY,FRESH MARKET,ANNUAL,"40,887,000",YEAR - AUG FORECAST,VEGETABLES,$,"PRODUCTION, MEASURED IN $",NY,2017
308,ONIONS,DRY,"FRESH MARKET, UTILIZED",ANNUAL,"2,748,900",YEAR,VEGETABLES,CWT,"PRODUCTION, MEASURED IN CWT",NY,2017
309,ONIONS,DRY,"FRESH MARKET, UTILIZED",ANNUAL,"2,478,000",YEAR - AUG FORECAST,VEGETABLES,CWT,"PRODUCTION, MEASURED IN CWT",NY,2017
310,ONIONS,DRY,NOT SOLD,ANNUAL,"452,100",YEAR,VEGETABLES,CWT,"PRODUCTION, MEASURED IN CWT",NY,2017
311,ONIONS,DRY,NOT SOLD,ANNUAL,"62,000",YEAR - AUG FORECAST,VEGETABLES,CWT,"PRODUCTION, MEASURED IN CWT",NY,2017
312,ONIONS,DRY,PROCESSING,ANNUAL,300,MARKETING YEAR,VEGETABLES,$ / TON,"PRICE RECEIVED, MEASURED IN $ / TON",NY,2017
313,ONIONS,DRY,PROCESSING,ANNUAL,"1,485,000",YEAR,VEGETABLES,$,"PRODUCTION, MEASURED IN $",NY,2017
314,ONIONS,DRY,PROCESSING,ANNUAL,"4,810,000",YEAR - AUG FORECAST,VEGETABLES,$,"PRODUCTION, MEASURED IN $",NY,2017
315,ONIONS,DRY,"PROCESSING, UTILIZED",ANNUAL,"4,950",YEAR,VEGETABLES,TONS,"PRODUCTION, MEASURED IN TONS",NY,2017
316,ONIONS,DRY,"PROCESSING, UTILIZED",ANNUAL,"13,000",YEAR - AUG FORECAST,VEGETABLES,TONS,"PRODUCTION, MEASURED IN TONS",NY,2017
317,ONIONS,DRY,UTILIZED,ANNUAL,"2,847,900",YEAR,VEGETABLES,CWT,"PRODUCTION, MEASURED IN CWT",NY,2017
318,ONIONS,DRY,UTILIZED,ANNUAL,"2,738,000",YEAR - AUG FORECAST,VEGETABLES,CWT,"PRODUCTION, MEASURED IN CWT",NY,2017
319,PEAS,GREEN,ALL UTILIZATION PRACTICES,ANNUAL,"7,100",YEAR,VEGETABLES,ACRES,ACRES HARVESTED,NY,2017
320,PEAS,GREEN,ALL UTILIZATION PRACTICES,ANNUAL,"7,700",YEAR,VEGETABLES,ACRES,ACRES PLANTED,NY,2017
321,PEAS,GREEN,ALL UTILIZATION PRACTICES,ANNUAL,18.5,MARKETING YEAR,VEGETABLES,$ / CWT,"PRICE RECEIVED, MEASURED IN $ / CWT",NY,2017
322,PEAS,GREEN,ALL UTILIZATION PRACTICES,ANNUAL,"5,389,000",YEAR,VEGETABLES,$,"PRODUCTION, MEASURED IN $",NY,2017
323,PEAS,GREEN,ALL UTILIZATION PRACTICES,ANNUAL,"291,100",YEAR,VEGETABLES,CWT,"PRODUCTION, MEASURED IN CWT",NY,2017
324,PEAS,GREEN,ALL UTILIZATION PRACTICES,ANNUAL,41,YEAR,VEGETABLES,CWT / ACRE,"YIELD, MEASURED IN CWT / ACRE",NY,2017
325,PEAS,GREEN,FRESH MARKET,ANNUAL,115,MARKETING YEAR,VEGETABLES,$ / CWT,"PRICE RECEIVED, MEASURED IN $ / CWT",NY,2017
326,PEAS,GREEN,FRESH MARKET,ANNUAL,"1,840,000",YEAR,VEGETABLES,$,"PRODUCTION, MEASURED IN $",NY,2017
327,PEAS,GREEN,"FRESH MARKET, UTILIZED",ANNUAL,"16,000",YEAR,VEGETABLES,CWT,"PRODUCTION, MEASURED IN CWT",NY,2017
328,PEAS,GREEN,NOT SOLD,ANNUAL,0,YEAR,VEGETABLES,CWT,"PRODUCTION, MEASURED IN CWT",NY,2017
329,PEAS,GREEN,PROCESSING,ANNUAL,258,MARKETING YEAR,VEGETABLES,$ / TON,"PRICE RECEIVED, MEASURED IN $ / TON",NY,2017
330,PEAS,GREEN,PROCESSING,ANNUAL,"3,549,000",YEAR,VEGETABLES,$,"PRODUCTION, MEASURED IN $",NY,2017
331,PEAS,GREEN,"PROCESSING, UTILIZED",ANNUAL,"13,754",YEAR,VEGETABLES,TONS,"PRODUCTION, MEASURED IN TONS",NY,2017
332,PEAS,GREEN,UTILIZED,ANNUAL,"291,100",YEAR,VEGETABLES,CWT,"PRODUCTION, MEASURED IN CWT",NY,2017
333,PEPPERS,BELL,ALL UTILIZATION PRACTICES,ANNUAL,800,YEAR,VEGETABLES,ACRES,ACRES HARVESTED,NY,2017
334,PEPPERS,BELL,ALL UTILIZATION PRACTICES,ANNUAL,900,YEAR,VEGETABLES,ACRES,ACRES PLANTED,NY,2017
335,PEPPERS,BELL,ALL UTILIZATION PRACTICES,ANNUAL,53.4,MARKETING YEAR,VEGETABLES,$ / CWT,"PRICE RECEIVED, MEASURED IN $ / CWT",NY,2017
336,PEPPERS,BELL,ALL UTILIZATION PRACTICES,ANNUAL,"4,619,000",YEAR,VEGETABLES,$,"PRODUCTION, MEASURED IN $",NY,2017
337,PEPPERS,BELL,ALL UTILIZATION PRACTICES,ANNUAL,"92,000",YEAR,VEGETABLES,CWT,"PRODUCTION, MEASURED IN CWT",NY,2017
338,PEPPERS,BELL,ALL UTILIZATION PRACTICES,ANNUAL,115,YEAR,VEGETABLES,CWT / ACRE,"YIELD, MEASURED IN CWT / ACRE",NY,2017
339,PEPPERS,BELL,FRESH MARKET,ANNUAL,53.4,MARKETING YEAR,VEGETABLES,$ / CWT,"PRICE RECEIVED, MEASURED IN $ / CWT",NY,2017
340,PEPPERS,BELL,FRESH MARKET,ANNUAL,"4,619,000",YEAR,VEGETABLES,$,"PRODUCTION, MEASURED IN $",NY,2017
341,PEPPERS,BELL,"FRESH MARKET, UTILIZED",ANNUAL,"86,500",YEAR,VEGETABLES,CWT,"PRODUCTION, MEASURED IN CWT",NY,2017
342,PEPPERS,BELL,NOT SOLD,ANNUAL,"5,500",YEAR,VEGETABLES,CWT,"PRODUCTION, MEASURED IN CWT",NY,2017
343,PEPPERS,BELL,PROCESSING,ANNUAL,0,YEAR,VEGETABLES,$,"PRODUCTION, MEASURED IN $",NY,2017
344,PEPPERS,BELL,"PROCESSING, UTILIZED",ANNUAL,0,YEAR,VEGETABLES,TONS,"PRODUCTION, MEASURED IN TONS",NY,2017
345,PEPPERS,BELL,UTILIZED,ANNUAL,"86,500",YEAR,VEGETABLES,CWT,"PRODUCTION, MEASURED IN CWT",NY,2017
346,POTATOES,ALL CLASSES,ALL UTILIZATION PRACTICES,ANNUAL,"14,400",YEAR,VEGETABLES,ACRES,ACRES HARVESTED,NY,2017
347,POTATOES,ALL CLASSES,ALL UTILIZATION PRACTICES,ANNUAL,"14,500",YEAR,VEGETABLES,ACRES,ACRES PLANTED,NY,2017
348,POTATOES,ALL CLASSES,ALL UTILIZATION PRACTICES,ANNUAL,12.6,MARKETING YEAR,VEGETABLES,$ / CWT,"PRICE RECEIVED, MEASURED IN $ / CWT",NY,2017
349,POTATOES,ALL CLASSES,ALL UTILIZATION PRACTICES,MONTHLY,                 (D),JAN,VEGETABLES,$ / CWT,"PRICE RECEIVED, MEASURED IN $ / CWT",NY,2017
350,POTATOES,ALL CLASSES,ALL UTILIZATION PRACTICES,MONTHLY,                 (D),FEB,VEGETABLES,$ / CWT,"PRICE RECEIVED, MEASURED IN $ / CWT",NY,2017
351,POTATOES,ALL CLASSES,ALL UTILIZATION PRACTICES,MONTHLY,                 (D),MAR,VEGETABLES,$ / CWT,"PRICE RECEIVED, MEASURED IN $ / CWT",NY,2017
352,POTATOES,ALL CLASSES,ALL UTILIZATION PRACTICES,MONTHLY,                 (D),APR,VEGETABLES,$ / CWT,"PRICE RECEIVED, MEASURED IN $ / CWT",NY,2017
353,POTATOES,ALL CLASSES,ALL UTILIZATION PRACTICES,MONTHLY,                 (D),MAY,VEGETABLES,$ / CWT,"PRICE RECEIVED, MEASURED IN $ / CWT",NY,2017
354,POTATOES,ALL CLASSES,ALL UTILIZATION PRACTICES,MONTHLY,                 (D),JUN,VEGETABLES,$ / CWT,"PRICE RECEIVED, MEASURED IN $ / CWT",NY,2017
355,POTATOES,ALL CLASSES,ALL UTILIZATION PRACTICES,MONTHLY,                 (S),JUL,VEGETABLES,$ / CWT,"PRICE RECEIVED, MEASURED IN $ / CWT",NY,2017
356,POTATOES,ALL CLASSES,ALL UTILIZATION PRACTICES,ANNUAL,"50,803,000",YEAR,VEGETABLES,$,"PRODUCTION, MEASURED IN $",NY,2017
357,POTATOES,ALL CLASSES,ALL UTILIZATION PRACTICES,ANNUAL,"4,032,000",YEAR,VEGETABLES,CWT,"PRODUCTION, MEASURED IN CWT",NY,2017
358,POTATOES,ALL CLASSES,ALL UTILIZATION PRACTICES,WEEKLY,0,WEEK #29,VEGETABLES,PCT HARVESTED,"PROGRESS, MEASURED IN PCT HARVESTED",NY,2017
359,POTATOES,ALL CLASSES,ALL UTILIZATION PRACTICES,WEEKLY,1,WEEK #30,VEGETABLES,PCT HARVESTED,"PROGRESS, MEASURED IN PCT HARVESTED",NY,2017
360,POTATOES,ALL CLASSES,ALL UTILIZATION PRACTICES,WEEKLY,7,WEEK #31,VEGETABLES,PCT HARVESTED,"PROGRESS, MEASURED IN PCT HARVESTED",NY,2017
361,POTATOES,ALL CLASSES,ALL UTILIZATION PRACTICES,WEEKLY,10,WEEK #32,VEGETABLES,PCT HARVESTED,"PROGRESS, MEASURED IN PCT HARVESTED",NY,2017
362,POTATOES,ALL CLASSES,ALL UTILIZATION PRACTICES,WEEKLY,11,WEEK #33,VEGETABLES,PCT HARVESTED,"PROGRESS, MEASURED IN PCT HARVESTED",NY,2017
363,POTATOES,ALL CLASSES,ALL UTILIZATION PRACTICES,WEEKLY,12,WEEK #34,VEGETABLES,PCT HARVESTED,"PROGRESS, MEASURED IN PCT HARVESTED",NY,2017
364,POTATOES,ALL CLASSES,ALL UTILIZATION PRACTICES,WEEKLY,13,WEEK #35,VEGETABLES,PCT HARVESTED,"PROGRESS, MEASURED IN PCT HARVESTED",NY,2017
365,POTATOES,ALL CLASSES,ALL UTILIZATION PRACTICES,WEEKLY,26,WEEK #36,VEGETABLES,PCT HARVESTED,"PROGRESS, MEASURED IN PCT HARVESTED",NY,2017
366,POTATOES,ALL CLASSES,ALL UTILIZATION PRACTICES,WEEKLY,27,WEEK #37,VEGETABLES,PCT HARVESTED,"PROGRESS, MEASURED IN PCT HARVESTED",NY,2017
367,POTATOES,ALL CLASSES,ALL UTILIZATION PRACTICES,WEEKLY,45,WEEK #38,VEGETABLES,PCT HARVESTED,"PROGRESS, MEASURED IN PCT HARVESTED",NY,2017
368,POTATOES,ALL CLASSES,ALL UTILIZATION PRACTICES,WEEKLY,61,WEEK #39,VEGETABLES,PCT HARVESTED,"PROGRESS, MEASURED IN PCT HARVESTED",NY,2017
369,POTATOES,ALL CLASSES,ALL UTILIZATION PRACTICES,WEEKLY,65,WEEK #40,VEGETABLES,PCT HARVESTED,"PROGRESS, MEASURED IN PCT HARVESTED",NY,2017
370,POTATOES,ALL CLASSES,ALL UTILIZATION PRACTICES,WEEKLY,72,WEEK #41,VEGETABLES,PCT HARVESTED,"PROGRESS, MEASURED IN PCT HARVESTED",NY,2017
371,POTATOES,ALL CLASSES,ALL UTILIZATION PRACTICES,WEEKLY,75,WEEK #42,VEGETABLES,PCT HARVESTED,"PROGRESS, MEASURED IN PCT HARVESTED",NY,2017
372,POTATOES,ALL CLASSES,ALL UTILIZATION PRACTICES,WEEKLY,78,WEEK #43,VEGETABLES,PCT HARVESTED,"PROGRESS, MEASURED IN PCT HARVESTED",NY,2017
373,POTATOES,ALL CLASSES,ALL UTILIZATION PRACTICES,WEEKLY,92,WEEK #44,VEGETABLES,PCT HARVESTED,"PROGRESS, MEASURED IN PCT HARVESTED",NY,2017
374,POTATOES,ALL CLASSES,ALL UTILIZATION PRACTICES,WEEKLY,93,WEEK #45,VEGETABLES,PCT HARVESTED,"PROGRESS, MEASURED IN PCT HARVESTED",NY,2017
375,POTATOES,ALL CLASSES,ALL UTILIZATION PRACTICES,WEEKLY,95,WEEK #46,VEGETABLES,PCT HARVESTED,"PROGRESS, MEASURED IN PCT HARVESTED",NY,2017
376,POTATOES,ALL CLASSES,ALL UTILIZATION PRACTICES,WEEKLY,97,WEEK #47,VEGETABLES,PCT HARVESTED,"PROGRESS, MEASURED IN PCT HARVESTED",NY,2017
377,POTATOES,ALL CLASSES,ALL UTILIZATION PRACTICES,WEEKLY,0,WEEK #14,VEGETABLES,PCT PLANTED,"PROGRESS, MEASURED IN PCT PLANTED",NY,2017
378,POTATOES,ALL CLASSES,ALL UTILIZATION PRACTICES,WEEKLY,0,WEEK #15,VEGETABLES,PCT PLANTED,"PROGRESS, MEASURED IN PCT PLANTED",NY,2017
379,POTATOES,ALL CLASSES,ALL UTILIZATION PRACTICES,WEEKLY,0,WEEK #16,VEGETABLES,PCT PLANTED,"PROGRESS, MEASURED IN PCT PLANTED",NY,2017
380,POTATOES,ALL CLASSES,ALL UTILIZATION PRACTICES,WEEKLY,0,WEEK #17,VEGETABLES,PCT PLANTED,"PROGRESS, MEASURED IN PCT PLANTED",NY,2017
381,POTATOES,ALL CLASSES,ALL UTILIZATION PRACTICES,WEEKLY,4,WEEK #18,VEGETABLES,PCT PLANTED,"PROGRESS, MEASURED IN PCT PLANTED",NY,2017
382,POTATOES,ALL CLASSES,ALL UTILIZATION PRACTICES,WEEKLY,13,WEEK #19,VEGETABLES,PCT PLANTED,"PROGRESS, MEASURED IN PCT PLANTED",NY,2017
383,POTATOES,ALL CLASSES,ALL UTILIZATION PRACTICES,WEEKLY,40,WEEK #20,VEGETABLES,PCT PLANTED,"PROGRESS, MEASURED IN PCT PLANTED",NY,2017
384,POTATOES,ALL CLASSES,ALL UTILIZATION PRACTICES,WEEKLY,46,WEEK #21,VEGETABLES,PCT PLANTED,"PROGRESS, MEASURED IN PCT PLANTED",NY,2017
385,POTATOES,ALL CLASSES,ALL UTILIZATION PRACTICES,WEEKLY,66,WEEK #22,VEGETABLES,PCT PLANTED,"PROGRESS, MEASURED IN PCT PLANTED",NY,2017
386,POTATOES,ALL CLASSES,ALL UTILIZATION PRACTICES,WEEKLY,79,WEEK #23,VEGETABLES,PCT PLANTED,"PROGRESS, MEASURED IN PCT PLANTED",NY,2017
387,POTATOES,ALL CLASSES,ALL UTILIZATION PRACTICES,WEEKLY,87,WEEK #24,VEGETABLES,PCT PLANTED,"PROGRESS, MEASURED IN PCT PLANTED",NY,2017
388,POTATOES,ALL CLASSES,ALL UTILIZATION PRACTICES,WEEKLY,96,WEEK #25,VEGETABLES,PCT PLANTED,"PROGRESS, MEASURED IN PCT PLANTED",NY,2017
389,POTATOES,ALL CLASSES,ALL UTILIZATION PRACTICES,WEEKLY,96,WEEK #26,VEGETABLES,PCT PLANTED,"PROGRESS, MEASURED IN PCT PLANTED",NY,2017
390,POTATOES,ALL CLASSES,ALL UTILIZATION PRACTICES,WEEKLY,99,WEEK #27,VEGETABLES,PCT PLANTED,"PROGRESS, MEASURED IN PCT PLANTED",NY,2017
391,POTATOES,ALL CLASSES,ALL UTILIZATION PRACTICES,WEEKLY,99,WEEK #28,VEGETABLES,PCT PLANTED,"PROGRESS, MEASURED IN PCT PLANTED",NY,2017
392,POTATOES,ALL CLASSES,ALL UTILIZATION PRACTICES,WEEKLY,100,WEEK #29,VEGETABLES,PCT PLANTED,"PROGRESS, MEASURED IN PCT PLANTED",NY,2017
393,POTATOES,ALL CLASSES,ALL UTILIZATION PRACTICES,WEEKLY,100,WEEK #30,VEGETABLES,PCT PLANTED,"PROGRESS, MEASURED IN PCT PLANTED",NY,2017
394,POTATOES,ALL CLASSES,ALL UTILIZATION PRACTICES,WEEKLY,100,WEEK #31,VEGETABLES,PCT PLANTED,"PROGRESS, MEASURED IN PCT PLANTED",NY,2017
395,POTATOES,ALL CLASSES,ALL UTILIZATION PRACTICES,WEEKLY,100,WEEK #32,VEGETABLES,PCT PLANTED,"PROGRESS, MEASURED IN PCT PLANTED",NY,2017
396,POTATOES,ALL CLASSES,ALL UTILIZATION PRACTICES,WEEKLY,20,WEEK #32,VEGETABLES,PCT HARVESTED,"PROGRESS, 5 YEAR AVG, MEASURED IN PCT HARVESTED",NY,2017
397,POTATOES,ALL CLASSES,ALL UTILIZATION PRACTICES,WEEKLY,29,WEEK #33,VEGETABLES,PCT HARVESTED,"PROGRESS, 5 YEAR AVG, MEASURED IN PCT HARVESTED",NY,2017
398,POTATOES,ALL CLASSES,ALL UTILIZATION PRACTICES,WEEKLY,35,WEEK #34,VEGETABLES,PCT HARVESTED,"PROGRESS, 5 YEAR AVG, MEASURED IN PCT HARVESTED",NY,2017
399,POTATOES,ALL CLASSES,ALL UTILIZATION PRACTICES,WEEKLY,39,WEEK #35,VEGETABLES,PCT HARVESTED,"PROGRESS, 5 YEAR AVG, MEASURED IN PCT HARVESTED",NY,2017
400,POTATOES,ALL CLASSES,ALL UTILIZATION PRACTICES,WEEKLY,44,WEEK #36,VEGETABLES,PCT HARVESTED,"PROGRESS, 5 YEAR AVG, MEASURED IN PCT HARVESTED",NY,2017
401,POTATOES,ALL CLASSES,ALL UTILIZATION PRACTICES,WEEKLY,53,WEEK #37,VEGETABLES,PCT HARVESTED,"PROGRESS, 5 YEAR AVG, MEASURED IN PCT HARVESTED",NY,2017
402,POTATOES,ALL CLASSES,ALL UTILIZATION PRACTICES,WEEKLY,63,WEEK #38,VEGETABLES,PCT HARVESTED,"PROGRESS, 5 YEAR AVG, MEASURED IN PCT HARVESTED",NY,2017
403,POTATOES,ALL CLASSES,ALL UTILIZATION PRACTICES,WEEKLY,71,WEEK #39,VEGETABLES,PCT HARVESTED,"PROGRESS, 5 YEAR AVG, MEASURED IN PCT HARVESTED",NY,2017
404,POTATOES,ALL CLASSES,ALL UTILIZATION PRACTICES,WEEKLY,78,WEEK #40,VEGETABLES,PCT HARVESTED,"PROGRESS, 5 YEAR AVG, MEASURED IN PCT HARVESTED",NY,2017
405,POTATOES,ALL CLASSES,ALL UTILIZATION PRACTICES,WEEKLY,83,WEEK #41,VEGETABLES,PCT HARVESTED,"PROGRESS, 5 YEAR AVG, MEASURED IN PCT HARVESTED",NY,2017
406,POTATOES,ALL CLASSES,ALL UTILIZATION PRACTICES,WEEKLY,85,WEEK #42,VEGETABLES,PCT HARVESTED,"PROGRESS, 5 YEAR AVG, MEASURED IN PCT HARVESTED",NY,2017
407,POTATOES,ALL CLASSES,ALL UTILIZATION PRACTICES,WEEKLY,89,WEEK #43,VEGETABLES,PCT HARVESTED,"PROGRESS, 5 YEAR AVG, MEASURED IN PCT HARVESTED",NY,2017
408,POTATOES,ALL CLASSES,ALL UTILIZATION PRACTICES,WEEKLY,94,WEEK #44,VEGETABLES,PCT HARVESTED,"PROGRESS, 5 YEAR AVG, MEASURED IN PCT HARVESTED",NY,2017
409,POTATOES,ALL CLASSES,ALL UTILIZATION PRACTICES,WEEKLY,98,WEEK #45,VEGETABLES,PCT HARVESTED,"PROGRESS, 5 YEAR AVG, MEASURED IN PCT HARVESTED",NY,2017
410,POTATOES,ALL CLASSES,ALL UTILIZATION PRACTICES,WEEKLY,0,WEEK #14,VEGETABLES,PCT PLANTED,"PROGRESS, 5 YEAR AVG, MEASURED IN PCT PLANTED",NY,2017
411,POTATOES,ALL CLASSES,ALL UTILIZATION PRACTICES,WEEKLY,1,WEEK #15,VEGETABLES,PCT PLANTED,"PROGRESS, 5 YEAR AVG, MEASURED IN PCT PLANTED",NY,2017
412,POTATOES,ALL CLASSES,ALL UTILIZATION PRACTICES,WEEKLY,6,WEEK #16,VEGETABLES,PCT PLANTED,"PROGRESS, 5 YEAR AVG, MEASURED IN PCT PLANTED",NY,2017
413,POTATOES,ALL CLASSES,ALL UTILIZATION PRACTICES,WEEKLY,15,WEEK #17,VEGETABLES,PCT PLANTED,"PROGRESS, 5 YEAR AVG, MEASURED IN PCT PLANTED",NY,2017
414,POTATOES,ALL CLASSES,ALL UTILIZATION PRACTICES,WEEKLY,25,WEEK #18,VEGETABLES,PCT PLANTED,"PROGRESS, 5 YEAR AVG, MEASURED IN PCT PLANTED",NY,2017
415,POTATOES,ALL CLASSES,ALL UTILIZATION PRACTICES,WEEKLY,38,WEEK #19,VEGETABLES,PCT PLANTED,"PROGRESS, 5 YEAR AVG, MEASURED IN PCT PLANTED",NY,2017
416,POTATOES,ALL CLASSES,ALL UTILIZATION PRACTICES,WEEKLY,52,WEEK #20,VEGETABLES,PCT PLANTED,"PROGRESS, 5 YEAR AVG, MEASURED IN PCT PLANTED",NY,2017
417,POTATOES,ALL CLASSES,ALL UTILIZATION PRACTICES,WEEKLY,65,WEEK #21,VEGETABLES,PCT PLANTED,"PROGRESS, 5 YEAR AVG, MEASURED IN PCT PLANTED",NY,2017
418,POTATOES,ALL CLASSES,ALL UTILIZATION PRACTICES,WEEKLY,77,WEEK #22,VEGETABLES,PCT PLANTED,"PROGRESS, 5 YEAR AVG, MEASURED IN PCT PLANTED",NY,2017
419,POTATOES,ALL CLASSES,ALL UTILIZATION PRACTICES,WEEKLY,85,WEEK #23,VEGETABLES,PCT PLANTED,"PROGRESS, 5 YEAR AVG, MEASURED IN PCT PLANTED",NY,2017
420,POTATOES,ALL CLASSES,ALL UTILIZATION PRACTICES,WEEKLY,89,WEEK #24,VEGETABLES,PCT PLANTED,"PROGRESS, 5 YEAR AVG, MEASURED IN PCT PLANTED",NY,2017
421,POTATOES,ALL CLASSES,ALL UTILIZATION PRACTICES,WEEKLY,92,WEEK #25,VEGETABLES,PCT PLANTED,"PROGRESS, 5 YEAR AVG, MEASURED IN PCT PLANTED",NY,2017
422,POTATOES,ALL CLASSES,ALL UTILIZATION PRACTICES,WEEKLY,95,WEEK #26,VEGETABLES,PCT PLANTED,"PROGRESS, 5 YEAR AVG, MEASURED IN PCT PLANTED",NY,2017
423,POTATOES,ALL CLASSES,ALL UTILIZATION PRACTICES,WEEKLY,97,WEEK #27,VEGETABLES,PCT PLANTED,"PROGRESS, 5 YEAR AVG, MEASURED IN PCT PLANTED",NY,2017
424,POTATOES,ALL CLASSES,ALL UTILIZATION PRACTICES,WEEKLY,99,WEEK #28,VEGETABLES,PCT PLANTED,"PROGRESS, 5 YEAR AVG, MEASURED IN PCT PLANTED",NY,2017
425,POTATOES,ALL CLASSES,ALL UTILIZATION PRACTICES,WEEKLY,7,WEEK #30,VEGETABLES,PCT HARVESTED,"PROGRESS, PREVIOUS YEAR, MEASURED IN PCT HARVESTED",NY,2017
426,POTATOES,ALL CLASSES,ALL UTILIZATION PRACTICES,WEEKLY,15,WEEK #31,VEGETABLES,PCT HARVESTED,"PROGRESS, PREVIOUS YEAR, MEASURED IN PCT HARVESTED",NY,2017
427,POTATOES,ALL CLASSES,ALL UTILIZATION PRACTICES,WEEKLY,25,WEEK #32,VEGETABLES,PCT HARVESTED,"PROGRESS, PREVIOUS YEAR, MEASURED IN PCT HARVESTED",NY,2017
428,POTATOES,ALL CLASSES,ALL UTILIZATION PRACTICES,WEEKLY,28,WEEK #33,VEGETABLES,PCT HARVESTED,"PROGRESS, PREVIOUS YEAR, MEASURED IN PCT HARVESTED",NY,2017
429,POTATOES,ALL CLASSES,ALL UTILIZATION PRACTICES,WEEKLY,29,WEEK #34,VEGETABLES,PCT HARVESTED,"PROGRESS, PREVIOUS YEAR, MEASURED IN PCT HARVESTED",NY,2017
430,POTATOES,ALL CLASSES,ALL UTILIZATION PRACTICES,WEEKLY,31,WEEK #35,VEGETABLES,PCT HARVESTED,"PROGRESS, PREVIOUS YEAR, MEASURED IN PCT HARVESTED",NY,2017
431,POTATOES,ALL CLASSES,ALL UTILIZATION PRACTICES,WEEKLY,37,WEEK #36,VEGETABLES,PCT HARVESTED,"PROGRESS, PREVIOUS YEAR, MEASURED IN PCT HARVESTED",NY,2017
432,POTATOES,ALL CLASSES,ALL UTILIZATION PRACTICES,WEEKLY,48,WEEK #37,VEGETABLES,PCT HARVESTED,"PROGRESS, PREVIOUS YEAR, MEASURED IN PCT HARVESTED",NY,2017
433,POTATOES,ALL CLASSES,ALL UTILIZATION PRACTICES,WEEKLY,68,WEEK #38,VEGETABLES,PCT HARVESTED,"PROGRESS, PREVIOUS YEAR, MEASURED IN PCT HARVESTED",NY,2017
434,POTATOES,ALL CLASSES,ALL UTILIZATION PRACTICES,WEEKLY,74,WEEK #39,VEGETABLES,PCT HARVESTED,"PROGRESS, PREVIOUS YEAR, MEASURED IN PCT HARVESTED",NY,2017
435,POTATOES,ALL CLASSES,ALL UTILIZATION PRACTICES,WEEKLY,75,WEEK #40,VEGETABLES,PCT HARVESTED,"PROGRESS, PREVIOUS YEAR, MEASURED IN PCT HARVESTED",NY,2017
436,POTATOES,ALL CLASSES,ALL UTILIZATION PRACTICES,WEEKLY,77,WEEK #41,VEGETABLES,PCT HARVESTED,"PROGRESS, PREVIOUS YEAR, MEASURED IN PCT HARVESTED",NY,2017
437,POTATOES,ALL CLASSES,ALL UTILIZATION PRACTICES,WEEKLY,78,WEEK #42,VEGETABLES,PCT HARVESTED,"PROGRESS, PREVIOUS YEAR, MEASURED IN PCT HARVESTED",NY,2017
438,POTATOES,ALL CLASSES,ALL UTILIZATION PRACTICES,WEEKLY,80,WEEK #43,VEGETABLES,PCT HARVESTED,"PROGRESS, PREVIOUS YEAR, MEASURED IN PCT HARVESTED",NY,2017
439,POTATOES,ALL CLASSES,ALL UTILIZATION PRACTICES,WEEKLY,87,WEEK #44,VEGETABLES,PCT HARVESTED,"PROGRESS, PREVIOUS YEAR, MEASURED IN PCT HARVESTED",NY,2017
440,POTATOES,ALL CLASSES,ALL UTILIZATION PRACTICES,WEEKLY,96,WEEK #45,VEGETABLES,PCT HARVESTED,"PROGRESS, PREVIOUS YEAR, MEASURED IN PCT HARVESTED",NY,2017
441,POTATOES,ALL CLASSES,ALL UTILIZATION PRACTICES,WEEKLY,0,WEEK #14,VEGETABLES,PCT PLANTED,"PROGRESS, PREVIOUS YEAR, MEASURED IN PCT PLANTED",NY,2017
442,POTATOES,ALL CLASSES,ALL UTILIZATION PRACTICES,WEEKLY,0,WEEK #15,VEGETABLES,PCT PLANTED,"PROGRESS, PREVIOUS YEAR, MEASURED IN PCT PLANTED",NY,2017
443,POTATOES,ALL CLASSES,ALL UTILIZATION PRACTICES,WEEKLY,1,WEEK #16,VEGETABLES,PCT PLANTED,"PROGRESS, PREVIOUS YEAR, MEASURED IN PCT PLANTED",NY,2017
444,POTATOES,ALL CLASSES,ALL UTILIZATION PRACTICES,WEEKLY,9,WEEK #17,VEGETABLES,PCT PLANTED,"PROGRESS, PREVIOUS YEAR, MEASURED IN PCT PLANTED",NY,2017
445,POTATOES,ALL CLASSES,ALL UTILIZATION PRACTICES,WEEKLY,15,WEEK #18,VEGETABLES,PCT PLANTED,"PROGRESS, PREVIOUS YEAR, MEASURED IN PCT PLANTED",NY,2017
446,POTATOES,ALL CLASSES,ALL UTILIZATION PRACTICES,WEEKLY,37,WEEK #19,VEGETABLES,PCT PLANTED,"PROGRESS, PREVIOUS YEAR, MEASURED IN PCT PLANTED",NY,2017
447,POTATOES,ALL CLASSES,ALL UTILIZATION PRACTICES,WEEKLY,55,WEEK #20,VEGETABLES,PCT PLANTED,"PROGRESS, PREVIOUS YEAR, MEASURED IN PCT PLANTED",NY,2017
448,POTATOES,ALL CLASSES,ALL UTILIZATION PRACTICES,WEEKLY,71,WEEK #21,VEGETABLES,PCT PLANTED,"PROGRESS, PREVIOUS YEAR, MEASURED IN PCT PLANTED",NY,2017
449,POTATOES,ALL CLASSES,ALL UTILIZATION PRACTICES,WEEKLY,76,WEEK #22,VEGETABLES,PCT PLANTED,"PROGRESS, PREVIOUS YEAR, MEASURED IN PCT PLANTED",NY,2017
450,POTATOES,ALL CLASSES,ALL UTILIZATION PRACTICES,WEEKLY,79,WEEK #23,VEGETABLES,PCT PLANTED,"PROGRESS, PREVIOUS YEAR, MEASURED IN PCT PLANTED",NY,2017
451,POTATOES,ALL CLASSES,ALL UTILIZATION PRACTICES,WEEKLY,83,WEEK #24,VEGETABLES,PCT PLANTED,"PROGRESS, PREVIOUS YEAR, MEASURED IN PCT PLANTED",NY,2017
452,POTATOES,ALL CLASSES,ALL UTILIZATION PRACTICES,WEEKLY,85,WEEK #25,VEGETABLES,PCT PLANTED,"PROGRESS, PREVIOUS YEAR, MEASURED IN PCT PLANTED",NY,2017
453,POTATOES,ALL CLASSES,ALL UTILIZATION PRACTICES,WEEKLY,88,WEEK #26,VEGETABLES,PCT PLANTED,"PROGRESS, PREVIOUS YEAR, MEASURED IN PCT PLANTED",NY,2017
454,POTATOES,ALL CLASSES,ALL UTILIZATION PRACTICES,WEEKLY,91,WEEK #27,VEGETABLES,PCT PLANTED,"PROGRESS, PREVIOUS YEAR, MEASURED IN PCT PLANTED",NY,2017
455,POTATOES,ALL CLASSES,ALL UTILIZATION PRACTICES,WEEKLY,94,WEEK #28,VEGETABLES,PCT PLANTED,"PROGRESS, PREVIOUS YEAR, MEASURED IN PCT PLANTED",NY,2017
456,POTATOES,ALL CLASSES,ALL UTILIZATION PRACTICES,ANNUAL,"47,285,000",YEAR,VEGETABLES,$,"SALES, MEASURED IN $",NY,2017
457,POTATOES,ALL CLASSES,ALL UTILIZATION PRACTICES,ANNUAL,"3,740,000",YEAR,VEGETABLES,CWT,"SALES, MEASURED IN CWT",NY,2017
458,POTATOES,ALL CLASSES,ALL UTILIZATION PRACTICES,ANNUAL,"236,000",YEAR,VEGETABLES,CWT,"SHRINK, MEASURED IN CWT",NY,2017
459,POTATOES,ALL CLASSES,ALL UTILIZATION PRACTICES,ANNUAL,280,YEAR,VEGETABLES,CWT / ACRE,"YIELD, MEASURED IN CWT / ACRE",NY,2017
460,POTATOES,ALL CLASSES,HOME USE,ANNUAL,"56,000",YEAR,VEGETABLES,CWT,"USAGE, MEASURED IN CWT",NY,2017
461,POTATOES,ALL CLASSES,SEED,ANNUAL,"375,000",YEAR,VEGETABLES,CWT,"USAGE, MEASURED IN CWT",NY,2017
462,POTATOES,ALL CLASSES,"SEED, CERTIFIED",ANNUAL,100,YEAR,VEGETABLES,PCT,"AREA CERTIFIED, MEASURED IN PCT",NY,2017
463,POTATOES,ALL CLASSES,"SEED, CERTIFIED",ANNUAL,632,YEAR,VEGETABLES,ACRES,ACRES PLANTED,NY,2017
464,POTATOES,ALL CLASSES,"SEED, ENTERED FOR CERTIFICATION",ANNUAL,632,YEAR,VEGETABLES,ACRES,ACRES PLANTED,NY,2017
465,POTATOES,FALL,ALL UTILIZATION PRACTICES,ANNUAL,"14,400",YEAR,VEGETABLES,ACRES,ACRES HARVESTED,NY,2017
466,POTATOES,FALL,ALL UTILIZATION PRACTICES,ANNUAL,"15,800",YEAR - JUN ACREAGE,VEGETABLES,ACRES,ACRES HARVESTED,NY,2017
467,POTATOES,FALL,ALL UTILIZATION PRACTICES,ANNUAL,"13,800",YEAR - NOV FORECAST,VEGETABLES,ACRES,ACRES HARVESTED,NY,2017
468,POTATOES,FALL,ALL UTILIZATION PRACTICES,ANNUAL,"14,500",YEAR,VEGETABLES,ACRES,ACRES PLANTED,NY,2017
469,POTATOES,FALL,ALL UTILIZATION PRACTICES,ANNUAL,"14,000",YEAR - NOV FORECAST,VEGETABLES,ACRES,ACRES PLANTED,NY,2017
470,POTATOES,FALL,ALL UTILIZATION PRACTICES,ANNUAL,12.6,MARKETING YEAR,VEGETABLES,$ / CWT,"PRICE RECEIVED, MEASURED IN $ / CWT",NY,2017
471,POTATOES,FALL,ALL UTILIZATION PRACTICES,ANNUAL,"50,803,000",YEAR,VEGETABLES,$,"PRODUCTION, MEASURED IN $",NY,2017
472,POTATOES,FALL,ALL UTILIZATION PRACTICES,ANNUAL,"4,032,000",YEAR,VEGETABLES,CWT,"PRODUCTION, MEASURED IN CWT",NY,2017
473,POTATOES,FALL,ALL UTILIZATION PRACTICES,ANNUAL,"3,657,000",YEAR - NOV FORECAST,VEGETABLES,CWT,"PRODUCTION, MEASURED IN CWT",NY,2017
474,POTATOES,FALL,ALL UTILIZATION PRACTICES,ANNUAL,"47,285,000",YEAR,VEGETABLES,$,"SALES, MEASURED IN $",NY,2017
475,POTATOES,FALL,ALL UTILIZATION PRACTICES,ANNUAL,"3,740,000",YEAR,VEGETABLES,CWT,"SALES, MEASURED IN CWT",NY,2017
476,POTATOES,FALL,ALL UTILIZATION PRACTICES,ANNUAL,"236,000",YEAR,VEGETABLES,CWT,"SHRINK, MEASURED IN CWT",NY,2017
477,POTATOES,FALL,ALL UTILIZATION PRACTICES,POINT IN TIME,"1,200,000",FIRST OF FEB,VEGETABLES,CWT,"STOCKS, MEASURED IN CWT",NY,2017
478,POTATOES,FALL,ALL UTILIZATION PRACTICES,POINT IN TIME,                 (D),FIRST OF APR,VEGETABLES,CWT,"STOCKS, MEASURED IN CWT",NY,2017
479,POTATOES,FALL,ALL UTILIZATION PRACTICES,POINT IN TIME,                 (D),FIRST OF JUN,VEGETABLES,CWT,"STOCKS, MEASURED IN CWT",NY,2017
480,POTATOES,FALL,ALL UTILIZATION PRACTICES,POINT IN TIME,"2,300,000",FIRST OF DEC,VEGETABLES,CWT,"STOCKS, MEASURED IN CWT",NY,2017
481,POTATOES,FALL,ALL UTILIZATION PRACTICES,POINT IN TIME,34,FIRST OF FEB,VEGETABLES,PCT OF PRODUCTION,"STOCKS, MEASURED IN PCT OF PRODUCTION",NY,2017
482,POTATOES,FALL,ALL UTILIZATION PRACTICES,POINT IN TIME,                 (D),FIRST OF JUN,VEGETABLES,PCT OF PRODUCTION,"STOCKS, MEASURED IN PCT OF PRODUCTION",NY,2017
483,POTATOES,FALL,ALL UTILIZATION PRACTICES,POINT IN TIME,67,FIRST OF DEC,VEGETABLES,PCT OF PRODUCTION,"STOCKS, MEASURED IN PCT OF PRODUCTION",NY,2017
484,POTATOES,FALL,ALL UTILIZATION PRACTICES,ANNUAL,280,YEAR,VEGETABLES,CWT / ACRE,"YIELD, MEASURED IN CWT / ACRE",NY,2017
485,POTATOES,FALL,ALL UTILIZATION PRACTICES,ANNUAL,265,YEAR - NOV FORECAST,VEGETABLES,CWT / ACRE,"YIELD, MEASURED IN CWT / ACRE",NY,2017
486,POTATOES,FALL,HOME USE,ANNUAL,"56,000",YEAR,VEGETABLES,CWT,"USAGE, MEASURED IN CWT",NY,2017
487,POTATOES,FALL,SEED,ANNUAL,"375,000",YEAR,VEGETABLES,CWT,"USAGE, MEASURED IN CWT",NY,2017
488,POTATOES,"FALL, RED",ALL UTILIZATION PRACTICES,ANNUAL,2,YEAR,VEGETABLES,PCT BY TYPE,"AREA PLANTED, MEASURED IN PCT BY TYPE",NY,2017
489,POTATOES,"FALL, RED",ALL UTILIZATION PRACTICES,ANNUAL,2,YEAR - JUN ACREAGE,VEGETABLES,PCT BY TYPE,"AREA PLANTED, MEASURED IN PCT BY TYPE",NY,2017
490,POTATOES,"FALL, RED",ALL UTILIZATION PRACTICES,POINT IN TIME,1,FIRST OF FEB,VEGETABLES,PCT OF TOTAL STOCKS,"STOCKS, MEASURED IN PCT OF TOTAL STOCKS",NY,2017
491,POTATOES,"FALL, RED",ALL UTILIZATION PRACTICES,POINT IN TIME,3,FIRST OF DEC,VEGETABLES,PCT OF TOTAL STOCKS,"STOCKS, MEASURED IN PCT OF TOTAL STOCKS",NY,2017
492,POTATOES,"FALL, RUSSET",ALL UTILIZATION PRACTICES,ANNUAL,0,YEAR,VEGETABLES,PCT BY TYPE,"AREA PLANTED, MEASURED IN PCT BY TYPE",NY,2017
493,POTATOES,"FALL, RUSSET",ALL UTILIZATION PRACTICES,ANNUAL,0,YEAR - JUN ACREAGE,VEGETABLES,PCT BY TYPE,"AREA PLANTED, MEASURED IN PCT BY TYPE",NY,2017
494,POTATOES,"FALL, RUSSET",ALL UTILIZATION PRACTICES,POINT IN TIME,0,FIRST OF FEB,VEGETABLES,PCT OF TOTAL STOCKS,"STOCKS, MEASURED IN PCT OF TOTAL STOCKS",NY,2017
495,POTATOES,"FALL, WHITE",ALL UTILIZATION PRACTICES,ANNUAL,95,YEAR,VEGETABLES,PCT BY TYPE,"AREA PLANTED, MEASURED IN PCT BY TYPE",NY,2017
496,POTATOES,"FALL, WHITE",ALL UTILIZATION PRACTICES,ANNUAL,95,YEAR - JUN ACREAGE,VEGETABLES,PCT BY TYPE,"AREA PLANTED, MEASURED IN PCT BY TYPE",NY,2017
497,POTATOES,"FALL, WHITE, LONG",ALL UTILIZATION PRACTICES,POINT IN TIME,0,FIRST OF FEB,VEGETABLES,PCT OF TOTAL STOCKS,"STOCKS, MEASURED IN PCT OF TOTAL STOCKS",NY,2017
498,POTATOES,"FALL, WHITE, ROUND",ALL UTILIZATION PRACTICES,POINT IN TIME,98,FIRST OF FEB,VEGETABLES,PCT OF TOTAL STOCKS,"STOCKS, MEASURED IN PCT OF TOTAL STOCKS",NY,2017
499,POTATOES,"FALL, WHITE, ROUND",ALL UTILIZATION PRACTICES,POINT IN TIME,93,FIRST OF DEC,VEGETABLES,PCT OF TOTAL STOCKS,"STOCKS, MEASURED IN PCT OF TOTAL STOCKS",NY,2017
500,POTATOES,"FALL, YELLOW",ALL UTILIZATION PRACTICES,ANNUAL,3,YEAR,VEGETABLES,PCT BY TYPE,"AREA PLANTED, MEASURED IN PCT BY TYPE",NY,2017
501,POTATOES,"FALL, YELLOW",ALL UTILIZATION PRACTICES,ANNUAL,3,YEAR - JUN ACREAGE,VEGETABLES,PCT BY TYPE,"AREA PLANTED, MEASURED IN PCT BY TYPE",NY,2017
502,POTATOES,"FALL, YELLOW",ALL UTILIZATION PRACTICES,POINT IN TIME,1,FIRST OF FEB,VEGETABLES,PCT OF TOTAL STOCKS,"STOCKS, MEASURED IN PCT OF TOTAL STOCKS",NY,2017
503,POTATOES,"FALL, YELLOW",ALL UTILIZATION PRACTICES,POINT IN TIME,4,FIRST OF DEC,VEGETABLES,PCT OF TOTAL STOCKS,"STOCKS, MEASURED IN PCT OF TOTAL STOCKS",NY,2017
504,PUMPKINS,ALL CLASSES,ALL UTILIZATION PRACTICES,ANNUAL,"4,900",YEAR,VEGETABLES,ACRES,ACRES HARVESTED,NY,2017
505,PUMPKINS,ALL CLASSES,ALL UTILIZATION PRACTICES,ANNUAL,"5,500",YEAR,VEGETABLES,ACRES,ACRES PLANTED,NY,2017
506,PUMPKINS,ALL CLASSES,ALL UTILIZATION PRACTICES,ANNUAL,19.5,MARKETING YEAR,VEGETABLES,$ / CWT,"PRICE RECEIVED, MEASURED IN $ / CWT",NY,2017
507,PUMPKINS,ALL CLASSES,ALL UTILIZATION PRACTICES,ANNUAL,"9,732,000",YEAR,VEGETABLES,$,"PRODUCTION, MEASURED IN $",NY,2017
508,PUMPKINS,ALL CLASSES,ALL UTILIZATION PRACTICES,ANNUAL,"514,500",YEAR,VEGETABLES,CWT,"PRODUCTION, MEASURED IN CWT",NY,2017
509,PUMPKINS,ALL CLASSES,ALL UTILIZATION PRACTICES,ANNUAL,105,YEAR,VEGETABLES,CWT / ACRE,"YIELD, MEASURED IN CWT / ACRE",NY,2017
510,PUMPKINS,ALL CLASSES,FRESH MARKET,ANNUAL,19.5,MARKETING YEAR,VEGETABLES,$ / CWT,"PRICE RECEIVED, MEASURED IN $ / CWT",NY,2017
511,PUMPKINS,ALL CLASSES,FRESH MARKET,ANNUAL,"9,732,000",YEAR,VEGETABLES,$,"PRODUCTION, MEASURED IN $",NY,2017
512,PUMPKINS,ALL CLASSES,"FRESH MARKET, UTILIZED",ANNUAL,"499,100",YEAR,VEGETABLES,CWT,"PRODUCTION, MEASURED IN CWT",NY,2017
513,PUMPKINS,ALL CLASSES,NOT SOLD,ANNUAL,"15,400",YEAR,VEGETABLES,CWT,"PRODUCTION, MEASURED IN CWT",NY,2017
514,PUMPKINS,ALL CLASSES,PROCESSING,ANNUAL,0,YEAR,VEGETABLES,$,"PRODUCTION, MEASURED IN $",NY,2017
515,PUMPKINS,ALL CLASSES,"PROCESSING, UTILIZED",ANNUAL,0,YEAR,VEGETABLES,TONS,"PRODUCTION, MEASURED IN TONS",NY,2017
516,PUMPKINS,ALL CLASSES,UTILIZED,ANNUAL,"499,100",YEAR,VEGETABLES,CWT,"PRODUCTION, MEASURED IN CWT",NY,2017
517,SQUASH,ALL CLASSES,ALL UTILIZATION PRACTICES,ANNUAL,"4,100",YEAR,VEGETABLES,ACRES,ACRES HARVESTED,NY,2017
518,SQUASH,ALL CLASSES,ALL UTILIZATION PRACTICES,ANNUAL,"4,200",YEAR,VEGETABLES,ACRES,ACRES PLANTED,NY,2017
519,SQUASH,ALL CLASSES,ALL UTILIZATION PRACTICES,ANNUAL,38.3,MARKETING YEAR,VEGETABLES,$ / CWT,"PRICE RECEIVED, MEASURED IN $ / CWT",NY,2017
520,SQUASH,ALL CLASSES,ALL UTILIZATION PRACTICES,ANNUAL,"23,338,000",YEAR,VEGETABLES,$,"PRODUCTION, MEASURED IN $",NY,2017
521,SQUASH,ALL CLASSES,ALL UTILIZATION PRACTICES,ANNUAL,"615,000",YEAR,VEGETABLES,CWT,"PRODUCTION, MEASURED IN CWT",NY,2017
522,SQUASH,ALL CLASSES,ALL UTILIZATION PRACTICES,ANNUAL,150,YEAR,VEGETABLES,CWT / ACRE,"YIELD, MEASURED IN CWT / ACRE",NY,2017
523,SQUASH,ALL CLASSES,FRESH MARKET,ANNUAL,                 (D),MARKETING YEAR,VEGETABLES,$ / CWT,"PRICE RECEIVED, MEASURED IN $ / CWT",NY,2017
524,SQUASH,ALL CLASSES,FRESH MARKET,ANNUAL,                 (D),YEAR,VEGETABLES,$,"PRODUCTION, MEASURED IN $",NY,2017
525,SQUASH,ALL CLASSES,"FRESH MARKET, UTILIZED",ANNUAL,                 (D),YEAR,VEGETABLES,CWT,"PRODUCTION, MEASURED IN CWT",NY,2017
526,SQUASH,ALL CLASSES,NOT SOLD,ANNUAL,"5,500",YEAR,VEGETABLES,CWT,"PRODUCTION, MEASURED IN CWT",NY,2017
527,SQUASH,ALL CLASSES,PROCESSING,ANNUAL,                 (D),MARKETING YEAR,VEGETABLES,$ / TON,"PRICE RECEIVED, MEASURED IN $ / TON",NY,2017
528,SQUASH,ALL CLASSES,PROCESSING,ANNUAL,                 (D),YEAR,VEGETABLES,$,"PRODUCTION, MEASURED IN $",NY,2017
529,SQUASH,ALL CLASSES,"PROCESSING, UTILIZED",ANNUAL,                 (D),YEAR,VEGETABLES,TONS,"PRODUCTION, MEASURED IN TONS",NY,2017
530,SQUASH,ALL CLASSES,UTILIZED,ANNUAL,"609,500",YEAR,VEGETABLES,CWT,"PRODUCTION, MEASURED IN CWT",NY,2017
531,SWEET CORN,ALL CLASSES,ALL UTILIZATION PRACTICES,ANNUAL,"25,700",YEAR,VEGETABLES,ACRES,ACRES HARVESTED,NY,2017
532,SWEET CORN,ALL CLASSES,ALL UTILIZATION PRACTICES,ANNUAL,"26,700",YEAR,VEGETABLES,ACRES,ACRES PLANTED,NY,2017
533,SWEET CORN,ALL CLASSES,ALL UTILIZATION PRACTICES,ANNUAL,9.67,MARKETING YEAR,VEGETABLES,$ / CWT,"PRICE RECEIVED, MEASURED IN $ / CWT",NY,2017
534,SWEET CORN,ALL CLASSES,ALL UTILIZATION PRACTICES,ANNUAL,"31,992,000",YEAR,VEGETABLES,$,"PRODUCTION, MEASURED IN $",NY,2017
535,SWEET CORN,ALL CLASSES,ALL UTILIZATION PRACTICES,ANNUAL,"3,341,000",YEAR,VEGETABLES,CWT,"PRODUCTION, MEASURED IN CWT",NY,2017
536,SWEET CORN,ALL CLASSES,ALL UTILIZATION PRACTICES,WEEKLY,83,WEEK #27,VEGETABLES,PCT EMERGED,"PROGRESS, MEASURED IN PCT EMERGED",NY,2017
537,SWEET CORN,ALL CLASSES,ALL UTILIZATION PRACTICES,WEEKLY,87,WEEK #28,VEGETABLES,PCT EMERGED,"PROGRESS, MEASURED IN PCT EMERGED",NY,2017
538,SWEET CORN,ALL CLASSES,ALL UTILIZATION PRACTICES,WEEKLY,88,WEEK #29,VEGETABLES,PCT EMERGED,"PROGRESS, MEASURED IN PCT EMERGED",NY,2017
539,SWEET CORN,ALL CLASSES,ALL UTILIZATION PRACTICES,WEEKLY,89,WEEK #30,VEGETABLES,PCT EMERGED,"PROGRESS, MEASURED IN PCT EMERGED",NY,2017
540,SWEET CORN,ALL CLASSES,ALL UTILIZATION PRACTICES,WEEKLY,95,WEEK #31,VEGETABLES,PCT EMERGED,"PROGRESS, MEASURED IN PCT EMERGED",NY,2017
541,SWEET CORN,ALL CLASSES,ALL UTILIZATION PRACTICES,WEEKLY,100,WEEK #32,VEGETABLES,PCT EMERGED,"PROGRESS, MEASURED IN PCT EMERGED",NY,2017
542,SWEET CORN,ALL CLASSES,ALL UTILIZATION PRACTICES,WEEKLY,2,WEEK #28,VEGETABLES,PCT HARVESTED,"PROGRESS, MEASURED IN PCT HARVESTED",NY,2017
543,SWEET CORN,ALL CLASSES,ALL UTILIZATION PRACTICES,WEEKLY,13,WEEK #29,VEGETABLES,PCT HARVESTED,"PROGRESS, MEASURED IN PCT HARVESTED",NY,2017
544,SWEET CORN,ALL CLASSES,ALL UTILIZATION PRACTICES,WEEKLY,13,WEEK #30,VEGETABLES,PCT HARVESTED,"PROGRESS, MEASURED IN PCT HARVESTED",NY,2017
545,SWEET CORN,ALL CLASSES,ALL UTILIZATION PRACTICES,WEEKLY,23,WEEK #31,VEGETABLES,PCT HARVESTED,"PROGRESS, MEASURED IN PCT HARVESTED",NY,2017
546,SWEET CORN,ALL CLASSES,ALL UTILIZATION PRACTICES,WEEKLY,32,WEEK #32,VEGETABLES,PCT HARVESTED,"PROGRESS, MEASURED IN PCT HARVESTED",NY,2017
547,SWEET CORN,ALL CLASSES,ALL UTILIZATION PRACTICES,WEEKLY,40,WEEK #33,VEGETABLES,PCT HARVESTED,"PROGRESS, MEASURED IN PCT HARVESTED",NY,2017
548,SWEET CORN,ALL CLASSES,ALL UTILIZATION PRACTICES,WEEKLY,54,WEEK #34,VEGETABLES,PCT HARVESTED,"PROGRESS, MEASURED IN PCT HARVESTED",NY,2017
549,SWEET CORN,ALL CLASSES,ALL UTILIZATION PRACTICES,WEEKLY,74,WEEK #35,VEGETABLES,PCT HARVESTED,"PROGRESS, MEASURED IN PCT HARVESTED",NY,2017
550,SWEET CORN,ALL CLASSES,ALL UTILIZATION PRACTICES,WEEKLY,79,WEEK #36,VEGETABLES,PCT HARVESTED,"PROGRESS, MEASURED IN PCT HARVESTED",NY,2017
551,SWEET CORN,ALL CLASSES,ALL UTILIZATION PRACTICES,WEEKLY,83,WEEK #37,VEGETABLES,PCT HARVESTED,"PROGRESS, MEASURED IN PCT HARVESTED",NY,2017
552,SWEET CORN,ALL CLASSES,ALL UTILIZATION PRACTICES,WEEKLY,85,WEEK #38,VEGETABLES,PCT HARVESTED,"PROGRESS, MEASURED IN PCT HARVESTED",NY,2017
553,SWEET CORN,ALL CLASSES,ALL UTILIZATION PRACTICES,WEEKLY,91,WEEK #39,VEGETABLES,PCT HARVESTED,"PROGRESS, MEASURED IN PCT HARVESTED",NY,2017
554,SWEET CORN,ALL CLASSES,ALL UTILIZATION PRACTICES,WEEKLY,97,WEEK #40,VEGETABLES,PCT HARVESTED,"PROGRESS, MEASURED IN PCT HARVESTED",NY,2017
555,SWEET CORN,ALL CLASSES,ALL UTILIZATION PRACTICES,WEEKLY,98,WEEK #41,VEGETABLES,PCT HARVESTED,"PROGRESS, MEASURED IN PCT HARVESTED",NY,2017
556,SWEET CORN,ALL CLASSES,ALL UTILIZATION PRACTICES,WEEKLY,99,WEEK #42,VEGETABLES,PCT HARVESTED,"PROGRESS, MEASURED IN PCT HARVESTED",NY,2017
557,SWEET CORN,ALL CLASSES,ALL UTILIZATION PRACTICES,WEEKLY,100,WEEK #43,VEGETABLES,PCT HARVESTED,"PROGRESS, MEASURED IN PCT HARVESTED",NY,2017
558,SWEET CORN,ALL CLASSES,ALL UTILIZATION PRACTICES,WEEKLY,0,WEEK #14,VEGETABLES,PCT PLANTED,"PROGRESS, MEASURED IN PCT PLANTED",NY,2017
559,SWEET CORN,ALL CLASSES,ALL UTILIZATION PRACTICES,WEEKLY,2,WEEK #15,VEGETABLES,PCT PLANTED,"PROGRESS, MEASURED IN PCT PLANTED",NY,2017
560,SWEET CORN,ALL CLASSES,ALL UTILIZATION PRACTICES,WEEKLY,2,WEEK #16,VEGETABLES,PCT PLANTED,"PROGRESS, MEASURED IN PCT PLANTED",NY,2017
561,SWEET CORN,ALL CLASSES,ALL UTILIZATION PRACTICES,WEEKLY,7,WEEK #17,VEGETABLES,PCT PLANTED,"PROGRESS, MEASURED IN PCT PLANTED",NY,2017
562,SWEET CORN,ALL CLASSES,ALL UTILIZATION PRACTICES,WEEKLY,11,WEEK #18,VEGETABLES,PCT PLANTED,"PROGRESS, MEASURED IN PCT PLANTED",NY,2017
563,SWEET CORN,ALL CLASSES,ALL UTILIZATION PRACTICES,WEEKLY,16,WEEK #19,VEGETABLES,PCT PLANTED,"PROGRESS, MEASURED IN PCT PLANTED",NY,2017
564,SWEET CORN,ALL CLASSES,ALL UTILIZATION PRACTICES,WEEKLY,21,WEEK #20,VEGETABLES,PCT PLANTED,"PROGRESS, MEASURED IN PCT PLANTED",NY,2017
565,SWEET CORN,ALL CLASSES,ALL UTILIZATION PRACTICES,WEEKLY,29,WEEK #21,VEGETABLES,PCT PLANTED,"PROGRESS, MEASURED IN PCT PLANTED",NY,2017
566,SWEET CORN,ALL CLASSES,ALL UTILIZATION PRACTICES,WEEKLY,46,WEEK #22,VEGETABLES,PCT PLANTED,"PROGRESS, MEASURED IN PCT PLANTED",NY,2017
567,SWEET CORN,ALL CLASSES,ALL UTILIZATION PRACTICES,WEEKLY,57,WEEK #23,VEGETABLES,PCT PLANTED,"PROGRESS, MEASURED IN PCT PLANTED",NY,2017
568,SWEET CORN,ALL CLASSES,ALL UTILIZATION PRACTICES,WEEKLY,70,WEEK #24,VEGETABLES,PCT PLANTED,"PROGRESS, MEASURED IN PCT PLANTED",NY,2017
569,SWEET CORN,ALL CLASSES,ALL UTILIZATION PRACTICES,WEEKLY,80,WEEK #25,VEGETABLES,PCT PLANTED,"PROGRESS, MEASURED IN PCT PLANTED",NY,2017
570,SWEET CORN,ALL CLASSES,ALL UTILIZATION PRACTICES,WEEKLY,86,WEEK #26,VEGETABLES,PCT PLANTED,"PROGRESS, MEASURED IN PCT PLANTED",NY,2017
571,SWEET CORN,ALL CLASSES,ALL UTILIZATION PRACTICES,WEEKLY,98,WEEK #27,VEGETABLES,PCT PLANTED,"PROGRESS, MEASURED IN PCT PLANTED",NY,2017
572,SWEET CORN,ALL CLASSES,ALL UTILIZATION PRACTICES,WEEKLY,100,WEEK #28,VEGETABLES,PCT PLANTED,"PROGRESS, MEASURED IN PCT PLANTED",NY,2017
573,SWEET CORN,ALL CLASSES,ALL UTILIZATION PRACTICES,WEEKLY,100,WEEK #29,VEGETABLES,PCT PLANTED,"PROGRESS, MEASURED IN PCT PLANTED",NY,2017
574,SWEET CORN,ALL CLASSES,ALL UTILIZATION PRACTICES,WEEKLY,100,WEEK #30,VEGETABLES,PCT PLANTED,"PROGRESS, MEASURED IN PCT PLANTED",NY,2017
575,SWEET CORN,ALL CLASSES,ALL UTILIZATION PRACTICES,WEEKLY,100,WEEK #31,VEGETABLES,PCT PLANTED,"PROGRESS, MEASURED IN PCT PLANTED",NY,2017
576,SWEET CORN,ALL CLASSES,ALL UTILIZATION PRACTICES,WEEKLY,100,WEEK #32,VEGETABLES,PCT PLANTED,"PROGRESS, MEASURED IN PCT PLANTED",NY,2017
577,SWEET CORN,ALL CLASSES,ALL UTILIZATION PRACTICES,WEEKLY,3,WEEK #28,VEGETABLES,PCT HARVESTED,"PROGRESS, 5 YEAR AVG, MEASURED IN PCT HARVESTED",NY,2017
578,SWEET CORN,ALL CLASSES,ALL UTILIZATION PRACTICES,WEEKLY,8,WEEK #29,VEGETABLES,PCT HARVESTED,"PROGRESS, 5 YEAR AVG, MEASURED IN PCT HARVESTED",NY,2017
579,SWEET CORN,ALL CLASSES,ALL UTILIZATION PRACTICES,WEEKLY,14,WEEK #30,VEGETABLES,PCT HARVESTED,"PROGRESS, 5 YEAR AVG, MEASURED IN PCT HARVESTED",NY,2017
580,SWEET CORN,ALL CLASSES,ALL UTILIZATION PRACTICES,WEEKLY,26,WEEK #31,VEGETABLES,PCT HARVESTED,"PROGRESS, 5 YEAR AVG, MEASURED IN PCT HARVESTED",NY,2017
581,SWEET CORN,ALL CLASSES,ALL UTILIZATION PRACTICES,WEEKLY,39,WEEK #32,VEGETABLES,PCT HARVESTED,"PROGRESS, 5 YEAR AVG, MEASURED IN PCT HARVESTED",NY,2017
582,SWEET CORN,ALL CLASSES,ALL UTILIZATION PRACTICES,WEEKLY,50,WEEK #33,VEGETABLES,PCT HARVESTED,"PROGRESS, 5 YEAR AVG, MEASURED IN PCT HARVESTED",NY,2017
583,SWEET CORN,ALL CLASSES,ALL UTILIZATION PRACTICES,WEEKLY,62,WEEK #34,VEGETABLES,PCT HARVESTED,"PROGRESS, 5 YEAR AVG, MEASURED IN PCT HARVESTED",NY,2017
584,SWEET CORN,ALL CLASSES,ALL UTILIZATION PRACTICES,WEEKLY,73,WEEK #35,VEGETABLES,PCT HARVESTED,"PROGRESS, 5 YEAR AVG, MEASURED IN PCT HARVESTED",NY,2017
585,SWEET CORN,ALL CLASSES,ALL UTILIZATION PRACTICES,WEEKLY,82,WEEK #36,VEGETABLES,PCT HARVESTED,"PROGRESS, 5 YEAR AVG, MEASURED IN PCT HARVESTED",NY,2017
586,SWEET CORN,ALL CLASSES,ALL UTILIZATION PRACTICES,WEEKLY,89,WEEK #37,VEGETABLES,PCT HARVESTED,"PROGRESS, 5 YEAR AVG, MEASURED IN PCT HARVESTED",NY,2017
587,SWEET CORN,ALL CLASSES,ALL UTILIZATION PRACTICES,WEEKLY,93,WEEK #38,VEGETABLES,PCT HARVESTED,"PROGRESS, 5 YEAR AVG, MEASURED IN PCT HARVESTED",NY,2017
588,SWEET CORN,ALL CLASSES,ALL UTILIZATION PRACTICES,WEEKLY,96,WEEK #39,VEGETABLES,PCT HARVESTED,"PROGRESS, 5 YEAR AVG, MEASURED IN PCT HARVESTED",NY,2017
589,SWEET CORN,ALL CLASSES,ALL UTILIZATION PRACTICES,WEEKLY,97,WEEK #40,VEGETABLES,PCT HARVESTED,"PROGRESS, 5 YEAR AVG, MEASURED IN PCT HARVESTED",NY,2017
590,SWEET CORN,ALL CLASSES,ALL UTILIZATION PRACTICES,WEEKLY,98,WEEK #41,VEGETABLES,PCT HARVESTED,"PROGRESS, 5 YEAR AVG, MEASURED IN PCT HARVESTED",NY,2017
591,SWEET CORN,ALL CLASSES,ALL UTILIZATION PRACTICES,WEEKLY,99,WEEK #42,VEGETABLES,PCT HARVESTED,"PROGRESS, 5 YEAR AVG, MEASURED IN PCT HARVESTED",NY,2017
592,SWEET CORN,ALL CLASSES,ALL UTILIZATION PRACTICES,WEEKLY,100,WEEK #43,VEGETABLES,PCT HARVESTED,"PROGRESS, 5 YEAR AVG, MEASURED IN PCT HARVESTED",NY,2017
593,SWEET CORN,ALL CLASSES,ALL UTILIZATION PRACTICES,WEEKLY,0,WEEK #14,VEGETABLES,PCT PLANTED,"PROGRESS, 5 YEAR AVG, MEASURED IN PCT PLANTED",NY,2017
594,SWEET CORN,ALL CLASSES,ALL UTILIZATION PRACTICES,WEEKLY,1,WEEK #15,VEGETABLES,PCT PLANTED,"PROGRESS, 5 YEAR AVG, MEASURED IN PCT PLANTED",NY,2017
595,SWEET CORN,ALL CLASSES,ALL UTILIZATION PRACTICES,WEEKLY,4,WEEK #16,VEGETABLES,PCT PLANTED,"PROGRESS, 5 YEAR AVG, MEASURED IN PCT PLANTED",NY,2017
596,SWEET CORN,ALL CLASSES,ALL UTILIZATION PRACTICES,WEEKLY,7,WEEK #17,VEGETABLES,PCT PLANTED,"PROGRESS, 5 YEAR AVG, MEASURED IN PCT PLANTED",NY,2017
597,SWEET CORN,ALL CLASSES,ALL UTILIZATION PRACTICES,WEEKLY,15,WEEK #18,VEGETABLES,PCT PLANTED,"PROGRESS, 5 YEAR AVG, MEASURED IN PCT PLANTED",NY,2017
598,SWEET CORN,ALL CLASSES,ALL UTILIZATION PRACTICES,WEEKLY,24,WEEK #19,VEGETABLES,PCT PLANTED,"PROGRESS, 5 YEAR AVG, MEASURED IN PCT PLANTED",NY,2017
599,SWEET CORN,ALL CLASSES,ALL UTILIZATION PRACTICES,WEEKLY,35,WEEK #20,VEGETABLES,PCT PLANTED,"PROGRESS, 5 YEAR AVG, MEASURED IN PCT PLANTED",NY,2017
600,SWEET CORN,ALL CLASSES,ALL UTILIZATION PRACTICES,WEEKLY,51,WEEK #21,VEGETABLES,PCT PLANTED,"PROGRESS, 5 YEAR AVG, MEASURED IN PCT PLANTED",NY,2017
601,SWEET CORN,ALL CLASSES,ALL UTILIZATION PRACTICES,WEEKLY,63,WEEK #22,VEGETABLES,PCT PLANTED,"PROGRESS, 5 YEAR AVG, MEASURED IN PCT PLANTED",NY,2017
602,SWEET CORN,ALL CLASSES,ALL UTILIZATION PRACTICES,WEEKLY,73,WEEK #23,VEGETABLES,PCT PLANTED,"PROGRESS, 5 YEAR AVG, MEASURED IN PCT PLANTED",NY,2017
603,SWEET CORN,ALL CLASSES,ALL UTILIZATION PRACTICES,WEEKLY,80,WEEK #24,VEGETABLES,PCT PLANTED,"PROGRESS, 5 YEAR AVG, MEASURED IN PCT PLANTED",NY,2017
604,SWEET CORN,ALL CLASSES,ALL UTILIZATION PRACTICES,WEEKLY,85,WEEK #25,VEGETABLES,PCT PLANTED,"PROGRESS, 5 YEAR AVG, MEASURED IN PCT PLANTED",NY,2017
605,SWEET CORN,ALL CLASSES,ALL UTILIZATION PRACTICES,WEEKLY,91,WEEK #26,VEGETABLES,PCT PLANTED,"PROGRESS, 5 YEAR AVG, MEASURED IN PCT PLANTED",NY,2017
606,SWEET CORN,ALL CLASSES,ALL UTILIZATION PRACTICES,WEEKLY,95,WEEK #27,VEGETABLES,PCT PLANTED,"PROGRESS, 5 YEAR AVG, MEASURED IN PCT PLANTED",NY,2017
607,SWEET CORN,ALL CLASSES,ALL UTILIZATION PRACTICES,WEEKLY,4,WEEK #28,VEGETABLES,PCT HARVESTED,"PROGRESS, PREVIOUS YEAR, MEASURED IN PCT HARVESTED",NY,2017
608,SWEET CORN,ALL CLASSES,ALL UTILIZATION PRACTICES,WEEKLY,6,WEEK #29,VEGETABLES,PCT HARVESTED,"PROGRESS, PREVIOUS YEAR, MEASURED IN PCT HARVESTED",NY,2017
609,SWEET CORN,ALL CLASSES,ALL UTILIZATION PRACTICES,WEEKLY,15,WEEK #30,VEGETABLES,PCT HARVESTED,"PROGRESS, PREVIOUS YEAR, MEASURED IN PCT HARVESTED",NY,2017
610,SWEET CORN,ALL CLASSES,ALL UTILIZATION PRACTICES,WEEKLY,25,WEEK #31,VEGETABLES,PCT HARVESTED,"PROGRESS, PREVIOUS YEAR, MEASURED IN PCT HARVESTED",NY,2017
611,SWEET CORN,ALL CLASSES,ALL UTILIZATION PRACTICES,WEEKLY,42,WEEK #32,VEGETABLES,PCT HARVESTED,"PROGRESS, PREVIOUS YEAR, MEASURED IN PCT HARVESTED",NY,2017
612,SWEET CORN,ALL CLASSES,ALL UTILIZATION PRACTICES,WEEKLY,51,WEEK #33,VEGETABLES,PCT HARVESTED,"PROGRESS, PREVIOUS YEAR, MEASURED IN PCT HARVESTED",NY,2017
613,SWEET CORN,ALL CLASSES,ALL UTILIZATION PRACTICES,WEEKLY,61,WEEK #34,VEGETABLES,PCT HARVESTED,"PROGRESS, PREVIOUS YEAR, MEASURED IN PCT HARVESTED",NY,2017
614,SWEET CORN,ALL CLASSES,ALL UTILIZATION PRACTICES,WEEKLY,71,WEEK #35,VEGETABLES,PCT HARVESTED,"PROGRESS, PREVIOUS YEAR, MEASURED IN PCT HARVESTED",NY,2017
615,SWEET CORN,ALL CLASSES,ALL UTILIZATION PRACTICES,WEEKLY,83,WEEK #36,VEGETABLES,PCT HARVESTED,"PROGRESS, PREVIOUS YEAR, MEASURED IN PCT HARVESTED",NY,2017
616,SWEET CORN,ALL CLASSES,ALL UTILIZATION PRACTICES,WEEKLY,88,WEEK #37,VEGETABLES,PCT HARVESTED,"PROGRESS, PREVIOUS YEAR, MEASURED IN PCT HARVESTED",NY,2017
617,SWEET CORN,ALL CLASSES,ALL UTILIZATION PRACTICES,WEEKLY,93,WEEK #38,VEGETABLES,PCT HARVESTED,"PROGRESS, PREVIOUS YEAR, MEASURED IN PCT HARVESTED",NY,2017
618,SWEET CORN,ALL CLASSES,ALL UTILIZATION PRACTICES,WEEKLY,95,WEEK #39,VEGETABLES,PCT HARVESTED,"PROGRESS, PREVIOUS YEAR, MEASURED IN PCT HARVESTED",NY,2017
619,SWEET CORN,ALL CLASSES,ALL UTILIZATION PRACTICES,WEEKLY,96,WEEK #40,VEGETABLES,PCT HARVESTED,"PROGRESS, PREVIOUS YEAR, MEASURED IN PCT HARVESTED",NY,2017
620,SWEET CORN,ALL CLASSES,ALL UTILIZATION PRACTICES,WEEKLY,97,WEEK #41,VEGETABLES,PCT HARVESTED,"PROGRESS, PREVIOUS YEAR, MEASURED IN PCT HARVESTED",NY,2017
621,SWEET CORN,ALL CLASSES,ALL UTILIZATION PRACTICES,WEEKLY,99,WEEK #42,VEGETABLES,PCT HARVESTED,"PROGRESS, PREVIOUS YEAR, MEASURED IN PCT HARVESTED",NY,2017
622,SWEET CORN,ALL CLASSES,ALL UTILIZATION PRACTICES,WEEKLY,100,WEEK #43,VEGETABLES,PCT HARVESTED,"PROGRESS, PREVIOUS YEAR, MEASURED IN PCT HARVESTED",NY,2017
623,SWEET CORN,ALL CLASSES,ALL UTILIZATION PRACTICES,WEEKLY,0,WEEK #14,VEGETABLES,PCT PLANTED,"PROGRESS, PREVIOUS YEAR, MEASURED IN PCT PLANTED",NY,2017
624,SWEET CORN,ALL CLASSES,ALL UTILIZATION PRACTICES,WEEKLY,0,WEEK #15,VEGETABLES,PCT PLANTED,"PROGRESS, PREVIOUS YEAR, MEASURED IN PCT PLANTED",NY,2017
625,SWEET CORN,ALL CLASSES,ALL UTILIZATION PRACTICES,WEEKLY,3,WEEK #16,VEGETABLES,PCT PLANTED,"PROGRESS, PREVIOUS YEAR, MEASURED IN PCT PLANTED",NY,2017
626,SWEET CORN,ALL CLASSES,ALL UTILIZATION PRACTICES,WEEKLY,6,WEEK #17,VEGETABLES,PCT PLANTED,"PROGRESS, PREVIOUS YEAR, MEASURED IN PCT PLANTED",NY,2017
627,SWEET CORN,ALL CLASSES,ALL UTILIZATION PRACTICES,WEEKLY,9,WEEK #18,VEGETABLES,PCT PLANTED,"PROGRESS, PREVIOUS YEAR, MEASURED IN PCT PLANTED",NY,2017
628,SWEET CORN,ALL CLASSES,ALL UTILIZATION PRACTICES,WEEKLY,17,WEEK #19,VEGETABLES,PCT PLANTED,"PROGRESS, PREVIOUS YEAR, MEASURED IN PCT PLANTED",NY,2017
629,SWEET CORN,ALL CLASSES,ALL UTILIZATION PRACTICES,WEEKLY,24,WEEK #20,VEGETABLES,PCT PLANTED,"PROGRESS, PREVIOUS YEAR, MEASURED IN PCT PLANTED",NY,2017
630,SWEET CORN,ALL CLASSES,ALL UTILIZATION PRACTICES,WEEKLY,46,WEEK #21,VEGETABLES,PCT PLANTED,"PROGRESS, PREVIOUS YEAR, MEASURED IN PCT PLANTED",NY,2017
631,SWEET CORN,ALL CLASSES,ALL UTILIZATION PRACTICES,WEEKLY,65,WEEK #22,VEGETABLES,PCT PLANTED,"PROGRESS, PREVIOUS YEAR, MEASURED IN PCT PLANTED",NY,2017
632,SWEET CORN,ALL CLASSES,ALL UTILIZATION PRACTICES,WEEKLY,77,WEEK #23,VEGETABLES,PCT PLANTED,"PROGRESS, PREVIOUS YEAR, MEASURED IN PCT PLANTED",NY,2017
633,SWEET CORN,ALL CLASSES,ALL UTILIZATION PRACTICES,WEEKLY,83,WEEK #24,VEGETABLES,PCT PLANTED,"PROGRESS, PREVIOUS YEAR, MEASURED IN PCT PLANTED",NY,2017
634,SWEET CORN,ALL CLASSES,ALL UTILIZATION PRACTICES,WEEKLY,87,WEEK #25,VEGETABLES,PCT PLANTED,"PROGRESS, PREVIOUS YEAR, MEASURED IN PCT PLANTED",NY,2017
635,SWEET CORN,ALL CLASSES,ALL UTILIZATION PRACTICES,WEEKLY,92,WEEK #26,VEGETABLES,PCT PLANTED,"PROGRESS, PREVIOUS YEAR, MEASURED IN PCT PLANTED",NY,2017
636,SWEET CORN,ALL CLASSES,ALL UTILIZATION PRACTICES,WEEKLY,95,WEEK #27,VEGETABLES,PCT PLANTED,"PROGRESS, PREVIOUS YEAR, MEASURED IN PCT PLANTED",NY,2017
637,SWEET CORN,ALL CLASSES,ALL UTILIZATION PRACTICES,ANNUAL,130,YEAR,VEGETABLES,CWT / ACRE,"YIELD, MEASURED IN CWT / ACRE",NY,2017
638,SWEET CORN,ALL CLASSES,FRESH MARKET,ANNUAL,28.7,MARKETING YEAR,VEGETABLES,$ / CWT,"PRICE RECEIVED, MEASURED IN $ / CWT",NY,2017
639,SWEET CORN,ALL CLASSES,FRESH MARKET,ANNUAL,"22,822,000",YEAR,VEGETABLES,$,"PRODUCTION, MEASURED IN $",NY,2017
640,SWEET CORN,ALL CLASSES,"FRESH MARKET, UTILIZED",ANNUAL,"795,200",YEAR,VEGETABLES,CWT,"PRODUCTION, MEASURED IN CWT",NY,2017
641,SWEET CORN,ALL CLASSES,NOT SOLD,ANNUAL,"33,400",YEAR,VEGETABLES,CWT,"PRODUCTION, MEASURED IN CWT",NY,2017
642,SWEET CORN,ALL CLASSES,PROCESSING,ANNUAL,73,MARKETING YEAR,VEGETABLES,$ / TON,"PRICE RECEIVED, MEASURED IN $ / TON",NY,2017
643,SWEET CORN,ALL CLASSES,PROCESSING,ANNUAL,"9,170,000",YEAR,VEGETABLES,$,"PRODUCTION, MEASURED IN $",NY,2017
644,SWEET CORN,ALL CLASSES,"PROCESSING, UTILIZED",ANNUAL,"125,622",YEAR,VEGETABLES,TONS,"PRODUCTION, MEASURED IN TONS",NY,2017
645,SWEET CORN,ALL CLASSES,UTILIZED,ANNUAL,"3,307,600",YEAR,VEGETABLES,CWT,"PRODUCTION, MEASURED IN CWT",NY,2017
646,VEGETABLE TOTALS,ALL CLASSES,ALL UTILIZATION PRACTICES,ANNUAL,"86,400",YEAR,VEGETABLES,ACRES,ACRES HARVESTED,NY,2017
647,VEGETABLE TOTALS,ALL CLASSES,ALL UTILIZATION PRACTICES,ANNUAL,"90,500",YEAR,VEGETABLES,ACRES,ACRES PLANTED,NY,2017
648,VEGETABLE TOTALS,ALL CLASSES,ALL UTILIZATION PRACTICES,ANNUAL,"220,666,000",YEAR,VEGETABLES,$,"PRODUCTION, MEASURED IN $",NY,2017
649,VEGETABLE TOTALS,ALL CLASSES,ALL UTILIZATION PRACTICES,ANNUAL,"13,642,100",YEAR,VEGETABLES,CWT,"PRODUCTION, MEASURED IN CWT",NY,2017
650,VEGETABLE TOTALS,ALL CLASSES,UTILIZED,ANNUAL,"13,126,100",YEAR,VEGETABLES,CWT,"PRODUCTION, MEASURED IN CWT",NY,2017
